Year,0,1,2,3,4,5,6,7,8,9,10,11,12,13,14,15,16,17,18,19,20,21,22,23,24,25,26,27,28,29,30,31,32,33,34,35,36,37,38,39,40,41,42,43,44,45,46,47,48,49,50,51,52,53,54,55,56,57,58,59,60,61,62,63,64,65,66,67,68,69,70,71,72,73,74,75,76,77,78,79,80,81,82,83,84,85,86,87,88,89,90,91,92,93,94,95,96,97,98,99,100,101,102,103,104,105,106,107,108,109,110,111,112,113,114,115,116,117,118,119,120,121,122,123,124,125,126,127,128,129,130,131,132,133,134,135,136,137,138,139,140,141,142,143,144,145,146,147,148,149,150,151,152,153,154,155,156,157,158,159,160,161,162,163,164,165,166,167,168,169,170,171,172,173,174,175,176,177,178,179,180,181,182,183,184,185,186,187,188,189,190,191,192,193,194,195,196,197,198,199,200,201,202,203,204,205,206,207,208,209,210,211,212,213,214,215,216,217,218,219,220,221,222,223,224,225,226,227,228,229,230,231,232,233,234,235,236,237,238,239,240,241,242,243,244,245,246,247,248,249,250,251,252,253,254,255,256,257,258,259,260,261,262,263,264
Series,CO2 emissions (kt),CO2 emissions (kt),CO2 emissions (kt),CO2 emissions (kt),CO2 emissions (kt),CO2 emissions (kt),CO2 emissions (kt),CO2 emissions (kt),CO2 emissions (kt),CO2 emissions (kt),CO2 emissions (kt),CO2 emissions (kt),CO2 emissions (kt),CO2 emissions (kt),CO2 emissions (kt),CO2 emissions (kt),CO2 emissions (kt),CO2 emissions (kt),CO2 emissions (kt),CO2 emissions (kt),CO2 emissions (kt),CO2 emissions (kt),CO2 emissions (kt),CO2 emissions (kt),CO2 emissions (kt),CO2 emissions (kt),CO2 emissions (kt),CO2 emissions (kt),CO2 emissions (kt),CO2 emissions (kt),CO2 emissions (kt),CO2 emissions (kt),CO2 emissions (kt),CO2 emissions (kt),CO2 emissions (kt),CO2 emissions (kt),CO2 emissions (kt),CO2 emissions (kt),CO2 emissions (kt),CO2 emissions (kt),CO2 emissions (kt),CO2 emissions (kt),CO2 emissions (kt),CO2 emissions (kt),CO2 emissions (kt),CO2 emissions (kt),CO2 emissions (kt),CO2 emissions (kt),CO2 emissions (kt),CO2 emissions (kt),CO2 emissions (kt),CO2 emissions (kt),CO2 emissions (kt),CO2 emissions (kt),CO2 emissions (kt),CO2 emissions (kt),CO2 emissions (kt),CO2 emissions (kt),CO2 emissions (kt),CO2 emissions (kt),CO2 emissions (kt),CO2 emissions (kt),CO2 emissions (kt),CO2 emissions (kt),CO2 emissions (kt),CO2 emissions (kt),CO2 emissions (kt),CO2 emissions (kt),CO2 emissions (kt),CO2 emissions (kt),CO2 emissions (kt),CO2 emissions (kt),CO2 emissions (kt),CO2 emissions (kt),CO2 emissions (kt),CO2 emissions (kt),CO2 emissions (kt),CO2 emissions (kt),CO2 emissions (kt),CO2 emissions (kt),CO2 emissions (kt),CO2 emissions (kt),CO2 emissions (kt),CO2 emissions (kt),CO2 emissions (kt),CO2 emissions (kt),CO2 emissions (kt),CO2 emissions (kt),CO2 emissions (kt),CO2 emissions (kt),CO2 emissions (kt),CO2 emissions (kt),CO2 emissions (kt),CO2 emissions (kt),CO2 emissions (kt),CO2 emissions (kt),CO2 emissions (kt),CO2 emissions (kt),CO2 emissions (kt),CO2 emissions (kt),CO2 emissions (kt),CO2 emissions (kt),CO2 emissions (kt),CO2 emissions (kt),CO2 emissions (kt),CO2 emissions (kt),CO2 emissions (kt),CO2 emissions (kt),CO2 emissions (kt),CO2 emissions (kt),CO2 emissions (kt),CO2 emissions (kt),CO2 emissions (kt),CO2 emissions (kt),CO2 emissions (kt),CO2 emissions (kt),CO2 emissions (kt),CO2 emissions (kt),CO2 emissions (kt),CO2 emissions (kt),CO2 emissions (kt),CO2 emissions (kt),CO2 emissions (kt),CO2 emissions (kt),CO2 emissions (kt),CO2 emissions (kt),CO2 emissions (kt),CO2 emissions (kt),CO2 emissions (kt),CO2 emissions (kt),CO2 emissions (kt),CO2 emissions (kt),CO2 emissions (kt),CO2 emissions (kt),CO2 emissions (kt),CO2 emissions (kt),CO2 emissions (kt),CO2 emissions (kt),CO2 emissions (kt),CO2 emissions (kt),CO2 emissions (kt),CO2 emissions (kt),CO2 emissions (kt),CO2 emissions (kt),CO2 emissions (kt),CO2 emissions (kt),CO2 emissions (kt),CO2 emissions (kt),CO2 emissions (kt),CO2 emissions (kt),CO2 emissions (kt),CO2 emissions (kt),CO2 emissions (kt),CO2 emissions (kt),CO2 emissions (kt),CO2 emissions (kt),CO2 emissions (kt),CO2 emissions (kt),CO2 emissions (kt),CO2 emissions (kt),CO2 emissions (kt),CO2 emissions (kt),CO2 emissions (kt),CO2 emissions (kt),CO2 emissions (kt),CO2 emissions (kt),CO2 emissions (kt),CO2 emissions (kt),CO2 emissions (kt),CO2 emissions (kt),CO2 emissions (kt),CO2 emissions (kt),CO2 emissions (kt),CO2 emissions (kt),CO2 emissions (kt),CO2 emissions (kt),CO2 emissions (kt),CO2 emissions (kt),CO2 emissions (kt),CO2 emissions (kt),CO2 emissions (kt),CO2 emissions (kt),CO2 emissions (kt),CO2 emissions (kt),CO2 emissions (kt),CO2 emissions (kt),CO2 emissions (kt),CO2 emissions (kt),CO2 emissions (kt),CO2 emissions (kt),CO2 emissions (kt),CO2 emissions (kt),CO2 emissions (kt),CO2 emissions (kt),CO2 emissions (kt),CO2 emissions (kt),CO2 emissions (kt),CO2 emissions (kt),CO2 emissions (kt),CO2 emissions (kt),CO2 emissions (kt),CO2 emissions (kt),CO2 emissions (kt),CO2 emissions (kt),CO2 emissions (kt),CO2 emissions (kt),CO2 emissions (kt),CO2 emissions (kt),CO2 emissions (kt),CO2 emissions (kt),CO2 emissions (kt),CO2 emissions (kt),CO2 emissions (kt),CO2 emissions (kt),CO2 emissions (kt),CO2 emissions (kt),CO2 emissions (kt),CO2 emissions (kt),CO2 emissions (kt),CO2 emissions (kt),CO2 emissions (kt),CO2 emissions (kt),CO2 emissions (kt),CO2 emissions (kt),CO2 emissions (kt),CO2 emissions (kt),CO2 emissions (kt),CO2 emissions (kt),CO2 emissions (kt),CO2 emissions (kt),CO2 emissions (kt),CO2 emissions (kt),CO2 emissions (kt),CO2 emissions (kt),CO2 emissions (kt),CO2 emissions (kt),CO2 emissions (kt),CO2 emissions (kt),CO2 emissions (kt),CO2 emissions (kt),CO2 emissions (kt),CO2 emissions (kt),CO2 emissions (kt),CO2 emissions (kt),CO2 emissions (kt),CO2 emissions (kt),CO2 emissions (kt),CO2 emissions (kt),CO2 emissions (kt),CO2 emissions (kt),CO2 emissions (kt),CO2 emissions (kt),CO2 emissions (kt),CO2 emissions (kt),CO2 emissions (kt),CO2 emissions (kt),CO2 emissions (kt),CO2 emissions (kt),CO2 emissions (kt),CO2 emissions (kt),CO2 emissions (kt),CO2 emissions (kt),CO2 emissions (kt),CO2 emissions (kt),CO2 emissions (kt)
Country,Afghanistan,Albania,Algeria,American Samoa,Andorra,Angola,Antigua and Barbuda,Argentina,Armenia,Aruba,Australia,Austria,Azerbaijan,"Bahamas, The",Bahrain,Bangladesh,Barbados,Belarus,Belgium,Belize,Benin,Bermuda,Bhutan,Bolivia,Bosnia and Herzegovina,Botswana,Brazil,British Virgin Islands,Brunei Darussalam,Bulgaria,Burkina Faso,Burundi,Cabo Verde,Cambodia,Cameroon,Canada,Cayman Islands,Central African Republic,Chad,Channel Islands,Chile,China,Colombia,Comoros,"Congo, Dem. Rep.","Congo, Rep.",Costa Rica,Cote d'Ivoire,Croatia,Cuba,Curacao,Cyprus,Czechia,Denmark,Djibouti,Dominica,Dominican Republic,Ecuador,"Egypt, Arab Rep.",El Salvador,Equatorial Guinea,Eritrea,Estonia,Eswatini,Ethiopia,Faroe Islands,Fiji,Finland,France,French Polynesia,Gabon,"Gambia, The",Georgia,Germany,Ghana,Gibraltar,Greece,Greenland,Grenada,Guam,Guatemala,Guinea,Guinea-Bissau,Guyana,Haiti,Honduras,"Hong Kong SAR, China",Hungary,Iceland,India,Indonesia,"Iran, Islamic Rep.",Iraq,Ireland,Isle of Man,Israel,Italy,Jamaica,Japan,Jordan,Kazakhstan,Kenya,Kiribati,"Korea, Dem. People's Rep.","Korea, Rep.",Kosovo,Kuwait,Kyrgyz Republic,Lao PDR,Latvia,Lebanon,Lesotho,Liberia,Libya,Liechtenstein,Lithuania,Luxembourg,"Macao SAR, China",Madagascar,Malawi,Malaysia,Maldives,Mali,Malta,Marshall Islands,Mauritania,Mauritius,Mexico,"Micronesia, Fed. Sts.",Moldova,Monaco,Mongolia,Montenegro,Morocco,Mozambique,Myanmar,Namibia,Nauru,Nepal,Netherlands,New Caledonia,New Zealand,Nicaragua,Niger,Nigeria,North Macedonia,Northern Mariana Islands,Norway,Oman,Pakistan,Palau,Panama,Papua New Guinea,Paraguay,Peru,Philippines,Poland,Portugal,Puerto Rico,Qatar,Romania,Russian Federation,Rwanda,Samoa,San Marino,Sao Tome and Principe,Saudi Arabia,Senegal,Serbia,Seychelles,Sierra Leone,Singapore,Sint Maarten (Dutch part),Slovak Republic,Slovenia,Solomon Islands,Somalia,South Africa,South Sudan,Spain,Sri Lanka,St. Kitts and Nevis,St. Lucia,St. Martin (French part),St. Vincent and the Grenadines,Sudan,Suriname,Sweden,Switzerland,Syrian Arab Republic,Tajikistan,Tanzania,Thailand,Timor-Leste,Togo,Tonga,Trinidad and Tobago,Tunisia,Turkiye,Turkmenistan,Turks and Caicos Islands,Tuvalu,Uganda,Ukraine,United Arab Emirates,United Kingdom,United States,Uruguay,Uzbekistan,Vanuatu,"Venezuela, RB",Vietnam,Virgin Islands (U.S.),West Bank and Gaza,"Yemen, Rep.",Zambia,Zimbabwe,Africa Eastern and Southern,Africa Western and Central,Arab World,Caribbean small states,Central Europe and the Baltics,Early-demographic dividend,East Asia & Pacific,East Asia & Pacific (excluding high income),East Asia & Pacific (IDA & IBRD countries),Euro area,Europe & Central Asia,Europe & Central Asia (excluding high income),Europe & Central Asia (IDA & IBRD countries),European Union,Fragile and conflict affected situations,Heavily indebted poor countries (HIPC),High income,IBRD only,IDA & IBRD total,IDA blend,IDA only,IDA total,Late-demographic dividend,Latin America & Caribbean,Latin America & Caribbean (excluding high income),Latin America & the Caribbean (IDA & IBRD countries),Least developed countries: UN classification,Low & middle income,Low income,Lower middle income,Middle East & North Africa,Middle East & North Africa (excluding high income),Middle East & North Africa (IDA & IBRD countries),Middle income,North America,Not classified,OECD members,Other small states,Pacific island small states,Post-demographic dividend,Pre-demographic dividend,Small states,South Asia,South Asia (IDA & IBRD),Sub-Saharan Africa,Sub-Saharan Africa (excluding high income),Sub-Saharan Africa (IDA & IBRD countries),Upper middle income
Country Code,AFG,ALB,DZA,ASM,AND,AGO,ATG,ARG,ARM,ABW,AUS,AUT,AZE,BHS,BHR,BGD,BRB,BLR,BEL,BLZ,BEN,BMU,BTN,BOL,BIH,BWA,BRA,VGB,BRN,BGR,BFA,BDI,CPV,KHM,CMR,CAN,CYM,CAF,TCD,CHI,CHL,CHN,COL,COM,COD,COG,CRI,CIV,HRV,CUB,CUW,CYP,CZE,DNK,DJI,DMA,DOM,ECU,EGY,SLV,GNQ,ERI,EST,SWZ,ETH,FRO,FJI,FIN,FRA,PYF,GAB,GMB,GEO,DEU,GHA,GIB,GRC,GRL,GRD,GUM,GTM,GIN,GNB,GUY,HTI,HND,HKG,HUN,ISL,IND,IDN,IRN,IRQ,IRL,IMN,ISR,ITA,JAM,JPN,JOR,KAZ,KEN,KIR,PRK,KOR,XKX,KWT,KGZ,LAO,LVA,LBN,LSO,LBR,LBY,LIE,LTU,LUX,MAC,MDG,MWI,MYS,MDV,MLI,MLT,MHL,MRT,MUS,MEX,FSM,MDA,MCO,MNG,MNE,MAR,MOZ,MMR,NAM,NRU,NPL,NLD,NCL,NZL,NIC,NER,NGA,MKD,MNP,NOR,OMN,PAK,PLW,PAN,PNG,PRY,PER,PHL,POL,PRT,PRI,QAT,ROU,RUS,RWA,WSM,SMR,STP,SAU,SEN,SRB,SYC,SLE,SGP,SXM,SVK,SVN,SLB,SOM,ZAF,SSD,ESP,LKA,KNA,LCA,MAF,VCT,SDN,SUR,SWE,CHE,SYR,TJK,TZA,THA,TLS,TGO,TON,TTO,TUN,TUR,TKM,TCA,TUV,UGA,UKR,ARE,GBR,USA,URY,UZB,VUT,VEN,VNM,VIR,PSE,YEM,ZMB,ZWE,AFE,AFW,ARB,CSS,CEB,EAR,EAS,EAP,TEA,EMU,ECS,ECA,TEC,EUU,FCS,HPC,HIC,IBD,IBT,IDB,IDX,IDA,LTE,LCN,LAC,TLA,LDC,LMY,LIC,LMC,MEA,MNA,TMN,MIC,NAC,INX,OED,OSS,PSS,PST,PRE,SST,SAS,TSA,SSF,SSA,TSS,UMC
1990,2380,5980,62940,..,410,6560,210,100320,19850,..,263630,58270,53480,1960,10740,11520,980,99830,109310,330,330,..,80,10410,23970,2810,197900,..,3260,73610,500,170,100,1260,2900,419490,..,150,390,..,30520,2173360,48730,70,3180,3200,2870,2710,20340,35620,..,4590,150200,52090,270,60,7860,15420,87750,2380,60,..,35280,560,2310,..,690,54560,356240,..,4100,190,33490,955310,2790,..,75620,..,110,..,3930,1000,170,1170,1020,2450,..,67420,1950,563580,148530,198470,64210,30960,..,33810,405260,7470,1090530,9930,237250,6140,20,123330,247680,..,29130,22760,510,18780,5620,340,450,28600,200,32220,11290,..,890,550,54620,160,10,2310,..,940,1160,269580,..,30530,..,12970,1920,21500,1120,4080,..,130,940,148380,..,22310,1930,570,72770,8590,..,29310,11920,59030,..,2690,2170,2070,20880,41080,350210,41070,..,12540,172630,2163530,550,90,..,50,171410,2330,61910,150,320,28970,..,54810,13530,150,730,247660,430,214950,3840,110,190,..,80,5370,1760,53350,43330,32390,11020,1890,89220,..,980,80,13150,14540,139200,44650,..,10,790,688620,55210,561770,4844520,3850,117770,70,101630,19330,..,..,6640,2740,16540,304354.8827,97925.79689,636128.9932,27580,989030,2616614.022,4510718.56,2672061.774,2548812.621,2622740,7975648.082,3845991.793,4388662.176,3562590,440846.9422,61205.0312,11662286.3,8938244.417,9360337.743,281883.7732,138844.7934,421130.4774,6279667.985,902966.2182,734540,851080,66332.23975,8828738.319,190456.2098,2244488.883,863944.0956,538660.5061,532860,8638739.102,5265754.996,..,11338340,84408.91967,1617.8125,11378373.3,188709.7481,113658.6093,641530,641530,402373.2235,402223.5339,402373.2235,6394510.087
1991,2230,4060,66430,..,410,6670,220,105920,20690,..,264760,62420,52060,2040,10350,10830,980,96220,113960,430,270,..,130,10870,21440,2730,205480,..,3380,58830,510,220,100,1300,6970,413300,..,140,400,..,29300,2302180,50440,70,1740,3190,3060,2790,14740,27420,..,5110,136900,62800,290,60,8230,15740,89370,3070,70,..,31540,560,2330,..,680,55130,380650,..,4560,200,25510,932550,2560,..,75820,..,120,..,4030,1020,170,1140,1000,2450,..,64550,1910,607230,162400,219100,45550,31470,..,34520,404070,7410,1103980,9780,246370,5890,20,117340,274790,..,7820,20420,550,17200,7040,350,370,28820,210,34290,11750,..,950,640,65100,160,10,2210,..,980,1250,288000,..,24600,..,14760,1360,23120,940,4020,1120,130,1180,154510,..,22630,1920,540,81930,8380,..,27330,15720,60310,..,3120,2180,2020,20270,40650,351620,42770,..,14980,142760,2136440,500,100,..,50,187930,2330,52200,170,340,30470,..,47940,12740,160,710,242330,410,222100,3990,110,200,..,90,4800,2050,54240,45670,35770,10170,1870,98070,..,930,90,13050,15030,143800,37790,..,10,810,651930,61560,570680,4807500,4370,118580,70,100990,19800,..,..,8500,2880,18300,298735.4356,111479.4705,638311.6162,27900,913110,2742521.544,4720763.249,2830000.842,2712741.089,2638230,7854524.738,3738657.641,4247249.795,3524670,440429.3482,63398.98039,11656549.5,9047190.316,9485523.142,298741.7735,138160.8289,437441.0172,6341401.636,929315.0818,761420,885160,65739.89642,8974875.567,187523.0021,2311084.114,888015.9393,554774.0227,548800,8787754.506,5222530.672,..,11382690,83227.23554,1643.90625,11338333.78,180997.6397,112824.0815,686060,686060,410255.1967,410085.3999,410255.1967,6476987.812
1992,1390,2220,66840,..,410,6880,290,107930,10900,..,268400,57660,63610,2570,12270,11820,1180,87990,112330,500,280,..,120,11150,15970,3300,207870,..,3590,55360,520,180,110,1350,6850,426370,..,150,410,..,30320,2418180,52510,70,1480,3130,4150,2770,15040,21770,..,5480,134140,57030,300,80,9620,16850,90900,3350,900,440,23820,580,1520,..,720,52280,368590,..,4530,200,20070,892820,3080,..,78180,..,170,..,4830,1050,180,1080,900,2730,..,58000,1940,626290,171510,233650,67340,31510,..,36860,402270,8150,1115060,11930,253840,5950,20,104690,297050,..,23050,13800,600,13970,7020,350,400,26340,210,19980,11440,..,960,630,67170,230,10,2170,80,1010,1320,291680,110,20320,..,12860,1480,24880,1100,4280,1220,120,1230,153250,..,24380,2240,500,91810,8540,..,30200,14920,66980,200,3640,2180,2470,21030,44020,343370,46770,..,14680,126190,2030810,500,100,..,40,202040,2570,47990,180,320,31410,..,46100,12830,170,680,238820,360,232370,5250,150,300,..,120,4530,2050,56750,45700,35150,7690,1860,107950,..,750,80,13150,16110,149800,28100,..,10,820,574640,59700,557890,4879630,4770,113080,60,103110,20810,..,..,9130,2850,18470,295090,122740.5332,692897.3074,29790,848800,2816236.357,4894966.731,2957304.271,2852685.391,2563820,7507954.299,3513547.532,3997662.001,3409700,472085.0166,62425.03099,11694563.44,9032910,9473857.494,310097.1624,129248.8736,440082.1553,6325141.658,946681.3782,773530,907190,65852.2374,8965154.99,172411.9252,2290422.851,959739.1831,596008.0467,589590,8792989.298,5307758.916,..,11417400,79448.74718,1670,11278742.9,212602.1624,110960.1366,713310,713310,417794.3274,417614.5076,417794.3274,6502838.3
1993,1340,2060,72220,..,410,9270,250,110260,5040,..,273050,57800,48050,2090,13070,12570,1000,76420,110110,470,290,..,130,10200,13400,3250,215260,..,3930,55930,530,190,110,1380,5770,422050,..,160,410,..,32320,2645410,55880,70,1900,2690,4180,2960,15540,20150,..,5740,130980,59360,300,80,9520,16950,92660,3920,960,630,18340,590,1940,..,700,53460,349420,..,4650,210,16090,887060,3190,..,78090,..,150,..,5110,1080,180,1090,690,2900,..,58380,1980,651350,185090,236730,89560,31650,..,40500,396930,8320,1107610,12200,219240,5860,30,96710,327600,..,30740,10110,610,11760,10330,360,420,30580,220,15740,11650,..,1000,720,73040,200,10,2810,90,1050,1470,300670,110,17410,..,11850,1290,25580,1290,4810,1410,110,1410,158150,..,23960,2200,570,86240,8840,..,32430,15180,73750,200,3800,2210,2820,21800,47800,344020,45790,..,16610,117700,1880250,510,110,..,40,203260,2510,42720,190,330,36160,..,44320,13560,180,640,246490,250,218080,5090,140,290,..,130,3210,2060,56500,43450,35880,5170,1920,122720,..,630,90,10720,16410,155580,26970,..,10,810,499310,63620,541380,4995210,4490,114590,60,107390,24240,..,..,8550,2510,17080,303600,116094.9913,746034.6222,26790,826270,2915066.427,5200003.33,3217617.851,3120965.303,2510460,7121012.751,3205163.517,3682041.026,3348870,476641.8021,59839.67996,11780309.16,9093840,9529809.685,309797.02,124474.6697,435049.0787,6356465.732,971639.7202,795100,934060,68621.43962,9015194.806,164048.5849,2271627.119,1021536.308,637868.8199,631000,8851320.109,5419055.798,..,11509000,78272.99416,1690,11270261.58,229543.5357,106793.6096,745840,745840,419729.7675,419539.9227,419729.7675,6579896.245
1994,1290,2070,73610,..,410,11300,250,111910,2740,..,280180,58280,33520,2070,13370,13540,1030,64810,114900,450,280,..,140,9520,3160,3080,222500,..,4270,53720,540,190,110,1480,4620,436760,..,160,430,..,35640,2767670,56780,70,2210,2060,4850,3090,14870,21720,..,5980,124710,63200,290,80,11140,18800,87900,4460,1030,730,17820,610,2260,..,700,59930,344400,..,4620,210,10440,875900,3460,..,79730,..,160,..,5430,1120,180,1410,190,3250,..,57780,2090,685900,199180,266690,102120,32820,..,43360,392290,8380,1160780,12990,199170,5870,30,88750,354280,..,36670,6550,640,10220,11270,360,420,38640,200,14810,10810,..,1210,740,79740,200,10,2510,90,1070,1510,326500,110,14140,..,10320,1260,27710,1100,5650,1640,110,1740,157260,..,24230,2530,550,78330,8550,..,34410,16190,76250,200,4040,2060,3340,22540,51510,339750,47300,..,18490,115160,1685050,470,100,..,50,206360,2610,38900,210,350,37980,..,41700,13610,190,630,252140,340,228450,5770,150,310,..,140,4700,2070,58490,42590,37440,3040,1910,137060,..,910,90,8790,16420,153820,33550,..,10,730,415670,70780,535180,5066810,4270,108880,60,106530,26680,..,..,9340,2140,15960,312160,107217.436,790632.5502,25290,804150,3050351.853,5454570.446,3372495.93,3283801.319,2508720,6745972.165,2844981.329,3314501.062,3336400,474282.0382,60460.57134,11968296.46,9036320,9460232.09,295670.3159,126597.6667,422939.4963,6264091.368,1016227.762,838460,976410,75579.94776,8946086.007,160557.9748,2256580.509,1097248.083,691870.3291,684420,8785682.934,5505394.409,..,11702420,80493.86098,1690,11334747.85,236666.1558,107506.4371,784830,784830,419499.1192,419289.2176,419499.1192,6529307.899
1995,1240,1930,76440,..,430,12720,270,112890,3510,..,290180,61180,32470,2200,13540,16550,1070,57640,114570,460,300,..,160,8580,3370,3190,241280,..,4600,54880,570,200,120,1470,4680,448050,..,160,440,..,38970,3088620,59310,80,2110,2640,4810,3370,15460,23180,..,5850,125180,60000,320,100,11840,20920,93720,4960,1100,800,16260,630,2570,..,710,56090,352240,..,5210,220,8180,874660,3710,..,82830,..,170,..,6350,1160,180,1530,900,3870,..,57430,2000,737860,223680,271520,100070,33450,..,46780,416420,8680,1171010,13600,175240,6370,30,83420,385410,..,36250,4600,670,9000,13300,370,420,43480,200,13740,8660,..,1370,750,86310,260,10,2380,90,1170,1550,306840,120,12140,..,10280,1330,28790,1170,6940,1770,110,1900,164110,..,24330,2650,530,86170,8520,..,34390,18870,82740,200,4360,2130,3780,25650,61750,340000,50690,..,19050,120880,1635490,460,120,..,50,204830,2760,44550,200,240,37580,..,42370,14470,200,600,264310,360,240570,5820,150,340,..,150,4510,2090,58230,43440,38980,2510,2730,155780,..,980,100,8620,16780,168150,33990,..,10,950,399250,75170,526810,5117040,4690,98150,70,114040,31400,..,..,10530,2130,15480,327430,117296.8446,814792.2757,25830,809670,3186298.283,5905982.094,3754295.847,3670925.621,2559540,6699309.976,2751646.412,3227772.409,3391600,499720.7003,63911.0989,12144575.38,9456710,9893834.064,300092.4145,135353.7599,436065.7602,6577603.449,1041064.307,851330,999250,85196.07855,9358076.151,158449.4849,2359320.487,1129648.624,715231.8956,707530,9199713.583,5566934.803,..,11859670,80815.43446,1760,11469743.97,246736.4139,108440.1408,846530,846530,444820.2914,444620.4597,444820.2914,6840600.792
1996,1180,1940,76120,..,450,15440,280,122550,2580,..,300810,64900,27190,2070,14150,16830,1060,58650,119450,360,970,..,200,8290,4190,2920,262410,..,4830,55300,630,210,140,1530,4760,461700,..,170,450,..,44900,3070510,58650,80,2270,3170,4530,4050,15260,25200,..,6210,126740,73340,300,80,12730,24000,98940,4390,1190,870,17200,460,2870,..,770,62570,367900,..,5810,220,6360,904340,4090,..,82750,..,190,..,6190,1230,180,1580,1060,3900,..,58450,2270,774070,236720,279810,98880,34820,..,48730,412150,9040,1184670,13870,153390,6970,30,74010,409990,..,35630,5770,780,9010,14120,370,440,45430,210,14230,8740,..,1310,740,98640,280,0,2320,90,1230,1610,322700,120,10400,..,8690,1550,28480,1160,7310,1920,100,1960,173620,..,25410,2820,610,100230,10060,..,34600,19380,85820,200,4410,2230,3720,28060,67220,355320,48740,..,20940,124210,1601180,480,130,..,50,217650,2930,51650,240,310,38520,..,42170,15290,210,570,274110,370,230110,8360,150,340,..,150,4310,2110,63650,44010,42020,2240,3070,174710,..,1360,80,9190,17320,185340,30610,..,10,1050,346110,78530,545480,5273490,5450,99600,90,121840,35030,..,..,10800,1760,14860,340070,135518.1059,843629.0505,26600,833180,3343647.212,5985307.659,3779307.152,3705336.892,2616520,6724143.717,2659664.321,3154306.488,3488790,521671.0203,67626.86047,12517640.74,9548160,10013181.52,319461.6065,143978.4478,464100.6442,6585783.685,1110793.387,905050,1066070,91211.94834,9436464.272,152930.7413,2405322.414,1168850.767,733993.9325,726090,9283566.625,5737091.191,..,12232770,85860.11838,1830,11738900.15,265972.2966,114323.4777,888700,888700,475587.4628,475347.5684,475587.4628,6878504.538
1997,1100,1470,74430,..,470,16160,290,126120,3340,..,307850,64220,26490,1870,14420,18970,1160,59170,116630,460,1240,..,190,9120,8490,3070,281330,..,5230,52990,690,210,150,1640,4860,476820,..,170,470,..,51290,3134110,64190,80,2270,3270,4490,4970,17070,27450,..,6300,124790,63650,330,100,14500,24950,106060,5320,1650,830,16770,590,3060,..,750,60620,359070,..,5560,230,5520,872650,4300,..,83760,..,200,..,6550,1290,200,1720,1270,4040,..,56990,2150,819270,261160,292400,118910,35970,..,50970,415520,9200,1172630,14370,132240,6640,30,67520,431640,..,37300,5690,830,8530,16130,380,450,42200,220,13920,8240,..,1420,770,106020,340,10,2470,90,1230,1620,342480,120,9580,..,8520,1670,29900,1290,7250,1970,100,2190,166310,..,27690,3020,620,98650,8990,..,36540,20020,89360,200,4640,2400,4110,27960,74790,344630,50930,..,25390,113610,1489510,510,130,..,50,220070,3210,56310,280,230,38160,..,42270,15730,210,550,289030,450,248600,8340,160,350,..,160,5240,2130,57380,42750,42070,2510,2890,177940,..,760,90,9690,17880,193430,30500,..,10,1110,328240,81440,524190,5543350,5560,100730,90,127590,40840,..,..,11640,2290,13830,356590,135548.4073,884777.026,27490,807300,3507425.904,6115154.812,3884942.662,3817461.034,2588510,6498796.797,2522137.116,2997317.408,3419620,546815.2238,72309.73805,12760770.7,9668880,10143393.3,321602.6225,151394.2572,473603.3123,6552349.23,1180898.01,961220,1132990,97400.27984,9568956.312,148753.8495,2501987.611,1224087.41,774661.8606,766320,9420185.63,6022165.66,..,12499640,91537.90009,1820,11964471.18,288135.8163,120879.4829,939760,939760,492184.4864,491904.5058,492184.4864,6918589.075
1998,1040,1790,74650,..,490,16770,320,132670,3470,..,328620,64670,26490,2360,15490,19250,1270,57260,119410,450,1210,..,200,8670,10760,3680,290590,..,4520,50480,760,220,160,1880,5040,484790,..,230,470,..,52010,3236280,64440,90,2280,3880,5020,4990,18530,27110,..,6610,118920,59710,390,110,16620,24470,110980,5670,1970,610,16240,620,3230,..,730,57270,381110,..,6390,240,4990,865250,6100,..,87130,..,220,..,8290,1360,170,1750,1310,4680,..,57350,2150,836270,262700,290990,91780,38420,..,51500,426370,9720,1130310,14620,135840,7160,30,60940,366570,..,42130,6040,850,8130,16260,390,490,41900,230,14710,7570,..,1630,750,105690,310,..,2370,100,1240,1790,365140,130,8650,..,8550,1760,30630,1240,7910,2020,100,2320,166730,..,27180,3520,670,88700,9840,..,37890,19520,90190,200,5720,2650,4270,26970,74220,318410,55600,..,26500,99540,1487970,510,150,..,50,233900,3600,56210,290,250,37050,..,41400,15500,220,520,296490,390,256220,8610,180,390,..,190,4770,2130,58360,44250,44630,2770,2690,156790,..,1200,90,9920,18660,193690,31840,..,10,1260,309290,83450,526000,5590540,5780,116260,80,129300,45470,..,..,12460,2170,14070,365690,130417.3648,889715.5878,29010,759210,3614768.901,6106797.074,3965876.884,3904974.268,2630710,6497013.657,2520664.039,2956948.215,3412010,515730.804,76239.28316,12752185.92,9750530,10242252.6,329906.5633,160404.9736,490887.2965,6615469.703,1229403.873,1004400,1180520,100768.3553,9695792.716,145777.5618,2525354.466,1228517.995,756091.8919,747950,9549958.671,6077343.945,..,12504580,94864.17574,1840,11948868.36,253366.3547,125748.7976,958190,958190,496215.9085,495925.9061,496215.9085,7024977.657
1999,810,2970,77510,..,510,17610,330,134510,3110,..,333710,63050,26120,2320,15450,20110,1300,54950,115510,410,1340,..,200,8220,10520,3860,300960,..,4430,44320,890,230,190,1910,4790,494280,..,240,490,..,54430,3153660,55400,100,2090,3960,5030,6830,18520,28000,..,6870,111950,56730,390,110,17790,21610,116540,5610,3230,650,15290,680,3180,..,750,56510,374900,..,6030,260,4520,833590,6580,..,87400,..,220,..,8200,1430,190,1740,1380,4750,..,57910,2120,901330,279480,323360,72710,39970,..,52980,433010,9980,1165320,14630,122650,7490,30,66580,401880,..,45740,4790,880,7550,17040,390,400,43220,230,12250,7920,..,1670,790,114450,430,..,2410,100,1300,2200,355180,130,7350,..,8610,1210,32200,1230,8710,1980,90,3120,161450,..,28610,3540,650,87020,9090,..,39700,21980,98770,200,5010,2600,4270,29070,71580,308980,62210,..,29000,84990,1523720,530,150,..,50,239520,3960,40010,310,200,37800,..,40660,14910,230,500,278410,420,278300,9500,180,390,..,190,5310,2150,57260,44530,43870,2540,2520,163790,..,1710,110,9900,19660,192650,37690,..,10,1290,305730,85680,522750,5609020,6780,116490,90,125460,46410,..,..,14060,1760,15820,351070,133013.1875,901624.4616,29220,717330,3731456.086,6140436.449,3920664.526,3854112.388,2613760,6439302.005,2515683.639,2927938.493,3354420,495713.0886,78957.38819,12827141.97,9739860,10245984.09,338950.8555,165850.0063,505382.8918,6553313.975,1222461.414,998710,1172800,106743.6459,9731208.01,152779.4047,2660693.761,1273868.706,783628.4159,775190,9578423.466,6105323.217,..,12554900,97748.28786,1890,12015419.57,237500.7757,128891.2626,1034270,1034270,484131.6707,483821.5915,484131.6707,6918368.995
2000,760,3170,80050,..,520,16200,330,132270,3560,..,339450,63530,27690,2230,15880,21650,1240,52940,117270,450,1420,..,210,8210,13960,4030,313670,..,4720,43420,940,260,220,1960,5210,514220,..,240,290,..,50420,3346530,58340,100,1630,4350,4950,6490,18040,28350,..,7130,123170,52600,370,130,18670,22050,114610,5630,2220,640,14920,690,3560,..,810,55100,373120,..,6080,240,4770,830280,5740,..,94460,..,210,..,9420,1490,150,1660,1470,4990,..,54630,2230,937860,280650,340450,87630,42530,..,57000,436300,10060,1182610,16270,120150,8320,30,71820,456660,..,49840,4670,900,6930,15670,390,430,44720,220,10510,8560,..,1650,710,124360,460,1410,2130,100,1270,2430,379180,130,6710,..,9000,1520,32880,1430,9440,1940,90,3220,162100,..,29450,3770,670,97220,8760,..,34290,25110,98370,210,5280,2830,3520,28630,72100,295770,61660,..,28660,89020,1563850,540,150,..,50,249660,4060,43990,290,330,42120,..,38070,14540,240,490,284660,460,293310,10930,190,390,..,160,5690,1480,53280,43710,44400,2200,2950,164490,..,1270,100,10200,20700,216400,38510,..,10,1300,297380,84730,530890,5775810,5460,123810,90,131520,51210,..,..,15030,1810,13700,355920,141740,939191.7284,28730,709020,3873932.431,6453028.36,4137375.831,4065580.201,2632450,6517629.97,2582853.914,2985406.994,3362380,531222.1559,79670,13129783.55,10118490,10645152.81,355898.8985,169344.5795,525898.1858,6820709.22,1263172.235,1037660,1212710,109513.1779,10144589.98,159640,2732859.348,1331978.699,821627.606,812780,9984947.576,6292115.118,..,12878250,97537.25527,1960,12300359.88,261897.7503,128258.7537,1073460,1073460,497660,497370,497660,7252670.231
2001,730,3230,78650,..,520,15960,350,125260,3600,..,345640,67910,26400,2220,16390,25780,1310,51880,118340,530,1740,..,230,8050,13760,3870,319380,..,4710,46190,970,200,240,2150,5160,506620,..,250,340,..,48430,3529080,58940,110,1570,4240,5420,6490,19200,27470,..,6990,122720,54250,380,150,18980,24250,126700,5870,3400,700,15380,610,4400,..,1040,61090,376730,..,6230,310,3520,847680,6210,..,96610,..,230,..,9810,1570,150,1640,1600,5800,..,56280,2160,953540,302060,354070,97550,44820,..,57950,436570,10080,1170380,16250,117440,7610,30,74390,471530,..,53190,3970,1000,7360,16890,400,450,44450,210,11150,9120,..,1670,680,129460,480,1610,2490,110,1400,2570,378830,150,7020,..,8970,1670,36270,1410,8350,2460,80,3460,167120,..,31620,3930,670,101950,8920,..,34720,28030,99840,220,6220,3390,3610,26540,70480,293630,61380,..,28650,95230,1567170,560,160,..,50,254090,4460,45000,320,440,42030,..,38580,15380,250,510,320540,530,294790,10850,210,420,..,200,6250,1520,52500,45150,44730,2150,3130,173160,..,1180,90,11620,21570,197770,39120,..,10,1300,300550,97200,545260,5748260,4950,125700,90,135800,56720,..,..,16070,1840,13900,393150,149460,991061.7137,30480,721100,3968275.688,6698018.466,4361587.527,4287208.389,2679490,6575471.851,2570427.964,2978224.683,3419490,552890.2011,83770,13202105.99,10428930,10972799.69,364242.8583,178189.0587,543085.4508,7063201.976,1268338.48,1038510,1218620,117013.6689,10464684.49,165480,2820171.789,1398065.756,862871.7389,853580,10299201.31,6256953.465,..,12898070,100742.9409,2230,12343280.22,278708.5179,133489.502,1094910,1094910,542610,542290,542610,7479632.541
2002,1029.999971,3759.99999,82400.00153,..,529.9999714,15689.99958,389.9999857,117470.0012,3119.999886,..,353369.9951,69370.00275,26180.00031,2400.000095,17219.99931,27430.00031,1370.000005,51840.00015,110849.9985,519.9999809,2180.000067,..,239.9999946,8300.000191,14560.00042,4030.00021,317760.0098,..,4619.999886,43599.99847,959.9999785,209.9999934,280.0000012,2210.000038,5130.000114,524349.9756,..,250,400.000006,..,49119.99893,3810060.059,56770.00046,109.9999994,1649.999976,2759.99999,5519.999981,6840.000153,20280.00069,26420.00008,..,7170.000076,118529.9988,53840.00015,400.000006,119.9999973,20879.99916,24170.00008,129440.0024,5940.000057,4630.000114,680.0000072,14949.99981,620.0000048,4570.000172,..,879.9999952,63439.99863,371019.989,..,5960.000038,300.0000119,2960.000038,833380.0049,7429.999828,..,96599.99847,..,239.9999946,..,10470.00027,1629.999995,150.000006,1620.000005,1830.000043,6090.000153,..,55599.99847,2240.00001,985450.0122,305640.0146,369869.9951,91160.00366,43930.00031,..,61080.00183,443470.0012,10250,1206599.976,16870.00084,131059.9976,7420.000076,39.99999911,71199.99695,463000,..,55590.00015,4969.99979,1110.000014,7349.999905,16840.00015,409.9999964,449.9999881,45590.00015,219.9999988,11220.00027,9819.999695,..,1120.000005,680.0000072,136380.0049,620.0000048,1399.999976,2319.999933,119.9999973,1549.999952,2609.999895,386000,140.0000006,7179.999828,..,9600.000381,1769.999981,37470.00122,1570.000052,8300.000191,2130.000114,79.99999821,2789.999962,167429.9927,..,31540.00092,4059.999943,699.9999881,92239.99786,8369.999886,..,34369.99893,29969.99931,102330.0018,219.9999988,5409.999847,3609.999895,3779.999971,27729.99954,71569.99969,287320.0073,65599.99847,..,32500,93739.99786,1565339.966,560.0000024,170.0000018,..,59.99999866,272250,4579.999924,48580.00183,349.999994,500,41290.00092,..,38069.99969,15520.00046,259.9999905,569.9999928,331320.0073,670.0000167,312750,11390.00034,230.0000042,430.0000072,..,230.0000042,7710.000038,1120.000005,54020.00046,43569.99969,44270.00046,2130.000114,3569.999933,184240.0055,170.0000018,1340.000033,100.0000015,12680.00031,21709.99908,208110.0006,41409.99985,..,9.999999776,1490.00001,303940.0024,99150.00153,530789.978,5593029.785,4530.00021,129889.9994,79.99999821,140750,66500,..,..,16090.00015,1919.999957,12489.99977,404210.0071,141659.998,1024786.769,31600.00039,706180.0017,4089880.379,7058162.003,4672683.836,4601490.084,2684259.985,6587362.726,2604208.476,3005260.996,3411189.987,541254.7883,87950.00046,13108305.98,10832730.09,11378117.26,358219.9989,185673.625,544500.9909,7386763.535,1273393.088,1037720.011,1224410.01,121540.0003,10867159.74,164069.9977,2894542.77,1448922.053,881603.4541,872110.0048,10703093.22,6119407.645,..,12793539.7,106209.6894,2099.999981,12227502.77,265410.0014,139945.1087,1131280.015,1131280.015,545870.0052,545520.0052,545870.0052,7809102.082
2003,1220.000029,4070.000172,88190.00244,..,529.9999714,16760.00023,409.9999964,127660.0037,3500,..,352579.9866,74459.99908,28569.99969,2380.000114,17940.00053,28629.99916,1379.999995,52700.00076,115500,509.9999905,2440.000057,..,259.9999905,9079.999924,14869.99989,3920.000076,310809.9976,..,5519.999981,47930.00031,1039.999962,159.9999964,310.0000024,2380.000114,5210.000038,544539.978,..,230.0000042,449.9999881,..,50200.00076,4415910.156,56110.00061,140.0000006,2000,3230.000019,5800.000191,5309.999943,21610.00061,25629.99916,..,7829.999924,122769.9966,59229.99954,409.9999964,140.0000006,18729.99954,24659.99985,133020.0043,6510.000229,5010.000229,689.9999976,16940.00053,629.9999952,5019.999981,..,1049.999952,71709.99908,376709.9915,..,6440.000057,300.0000119,3160.000086,836789.978,7139.999866,..,100220.0012,..,250,..,10539.99996,1700.000048,189.9999976,1620.000005,1809.999943,6730.000019,..,58189.99863,2230.000019,1011770.02,333890.0146,389769.989,81279.99878,44090.00015,..,62930.00031,462200.0122,10590.00015,1214949.951,17309.99947,146139.9994,6530.00021,39.99999911,72739.99786,465700.0122,..,58119.99893,5590.000153,1149.999976,7590.000153,17409.99985,409.9999964,479.9999893,48919.99817,230.0000042,11229.99954,10239.99977,..,1549.999952,750,144490.0055,529.9999714,1399.999976,2609.999895,109.9999994,1480.000019,2750,404690.0024,159.9999964,7769.999981,..,9310.00042,1889.999986,37250,1899.999976,10489.99977,2269.999981,70.0000003,3019.999981,170360.0006,..,33400.00153,4559.999943,759.9999905,101000,9140.000343,..,37169.99817,31700.00076,105660.0037,219.9999988,5530.00021,4079.999924,3940.000057,27159.99985,73629.99725,297730.011,60520.00046,..,34740.00168,98139.99939,1610000,550.0000119,170.0000018,..,70.0000003,284829.9866,4489.999771,52150.00153,340.0000036,550.0000119,38159.99985,..,38330.00183,15409.99985,270.0000107,579.9999833,353089.9963,750,318660.0037,12409.99985,230.0000042,449.9999881,..,230.0000042,7929.999828,1230.000019,55200.00076,44840.00015,44380.00107,2180.000067,3759.99999,191929.9927,170.0000018,1830.000043,119.9999973,15449.99981,21500,219160.0037,46349.99847,..,9.999999776,1570.000052,330230.011,103819.9997,543039.978,5658990.234,4489.999771,121910.0037,90.00000358,135770.0043,70900.00153,..,..,18700.00076,2079.999924,10180.00031,426379.9968,150990,1055755.859,34870.00008,735870.0085,4258125.845,7756963.984,5333394.351,5260640.168,2741399.987,6798985.531,2712975.673,3130155.122,3502199.994,547359.6607,91999.99929,13342351.41,11715600.21,12273401.42,360400.0078,195757.1363,556735.0592,8114794.644,1294382.858,1059440.003,1245890.009,132569.9995,11748622.01,171499.9994,3020892.791,1501807.748,907916.7954,898139.9938,11577130.8,6205586.656,..,13020410.14,114226.0864,2309.99996,12440090.36,266919.999,151446.7628,1163500.022,1163500.022,577369.9969,577029.9968,577369.9969,8556613.27
2004,1029.999971,4250,89489.99786,..,560.0000024,17450.00076,400.000006,141380.0049,3759.99999,..,365809.9976,75800.00305,28309.99947,2250,17930.00031,30530.00069,1360.000014,56040.00092,114019.9966,439.9999976,2650.000095,..,289.9999917,9489.999771,15569.99969,3970.000029,328519.989,..,5099.999905,47270.00046,1059.999943,150.000006,330.0000131,2380.000114,5119.999886,536419.9829,..,230.0000042,449.9999881,..,54970.00122,5124819.824,56110.00061,150.000006,1940.000057,3519.999981,5940.000057,5469.99979,21100.00038,25360.00061,..,7780.00021,123440.0024,53729.99954,400.000006,159.9999964,17280.00069,26180.00031,144500,6679.999828,6199.999809,680.0000072,17020.00046,629.9999952,5329.999924,..,1470.000029,67680.00031,377790.0085,..,6090.000153,319.9999928,3369.999886,821070.0073,6679.999828,..,99839.99634,..,230.0000042,..,10750,1769.999981,200.000003,1669.999957,1669.999957,7559.999943,..,56349.99847,2319.999933,1085670.044,341239.9902,417660.0037,88110.00061,44689.99863,..,63159.99985,472399.9939,10569.99969,1209849.976,18579.99992,158029.9988,7440.000057,50.00000075,74319.99969,485910.0037,..,61909.99985,5559.999943,1210.000038,7619.999886,17879.99916,430.0000072,560.0000024,48459.99908,230.0000042,11909.99985,11659.99985,..,1649.999976,769.9999809,158270.0043,750,1480.000019,2599.999905,129.9999952,1639.999986,2769.999981,414100.0061,159.9999964,7780.00021,..,9560.00042,2039.999962,40990.00168,1909.999967,10149.99962,2380.000114,70.0000003,2809.999943,172119.9951,..,32840.00015,4530.00021,790.0000215,98730.00336,8840.000153,..,37340.00015,31260.00023,118650.0015,230.0000042,5610.000134,4949.999809,3970.000029,31239.99977,75139.99939,301850.0061,62130.00107,..,37069.99969,95349.99847,1600979.98,560.0000024,189.9999976,..,70.0000003,299890.0146,5389.999866,56349.99847,379.9999952,529.9999714,39619.99893,..,37430.00031,15699.99981,310.0000024,579.9999833,379989.9902,949.9999881,335559.9976,12869.99989,239.9999946,449.9999881,..,250,8829.999924,1389.999986,53590.00015,45279.99878,46360.00061,2599.999905,5079.999924,210190.0024,200.000003,1779.999971,129.9999952,16100.00038,22479.99954,224600.0061,49369.99893,..,9.999999776,1629.999995,307140.0146,110010.0021,543080.0171,5738290.039,5460.000038,124839.9963,70.0000003,139610.0006,85050.00305,..,..,19629.99916,2109.999895,9770.000458,457599.9913,150990.0027,1112584.544,35510.00002,735040.0066,4487233.763,8586193.03,6100326.114,6025979.824,2754819.999,6805126.372,2712364.372,3130365.452,3507500.005,560441.5304,97029.99879,13485505.86,12689549.87,13272981.19,376110.0014,205498.1504,582206.7868,8925924.01,1351871.284,1105920.001,1302950.003,139789.9997,12738925.46,177599.999,3163010.24,1585737.743,964930.7514,954540.0013,12561342.14,6276790.061,..,13149420.03,117807.8769,2820.000021,12526646.11,278550.0038,156179.785,1252600.046,1252600.046,608589.9939,608209.9939,608589.9939,9398508.241
2005,1549.999952,4030.00021,94190.00244,..,579.9999833,15810.00042,409.9999964,145990.0055,4460.000038,..,370089.9963,76239.99786,30040.00092,2109.999895,20690.00053,32709.99908,1419.999957,56779.99878,110610.0006,469.9999988,2900.000095,..,319.9999928,10050.00019,16229.99954,4280.00021,331690.0024,..,4989.999771,47990.00168,1059.999943,150.000006,439.9999976,2660.000086,5019.999981,549030.0293,..,219.9999988,479.9999893,..,55970.00122,5824629.883,57639.99939,150.000006,2210.000038,4309.999943,6269.999981,5880.000114,21450.00076,26319.99969,..,7900.000095,119989.9979,50200.00076,430.0000072,159.9999964,18690.00053,28219.99931,162220.0012,6840.000153,8319.999695,600.0000238,17229.99954,660.0000262,5050.000191,..,1289.999962,55459.99908,380660.0037,..,6059.999943,330.0000131,4239.999771,802380.0049,7039.999962,..,101949.9969,..,250,..,11529.99973,1830.000043,209.9999934,1480.000019,1700.000048,6969.99979,..,55919.99817,2289.999962,1136469.971,342149.9939,450790.0085,85129.99725,46650.00153,..,61009.99832,473829.9866,10560.00042,1212819.946,19870.00084,169210.0067,8319.999695,70.0000003,77589.99634,481000,..,69910.00366,5300.000191,1259.99999,7710.000038,17280.00069,430.0000072,670.0000167,52990.00168,230.0000042,12829.99992,11909.99985,..,1710.000038,759.9999905,167419.9982,720.0000286,1649.999976,2630.000114,140.0000006,1509.99999,2960.000038,432190.0024,159.9999964,8180.000305,..,11060.00042,2000,43580.00183,1710.000038,10720.00027,2529.999971,70.0000003,3190.000057,167929.9927,..,34229.99954,4340.000153,759.9999905,98720.00122,9229.999542,..,36349.99847,31010.00023,121669.9982,259.9999905,7119.999886,4929.999828,3700.000048,31290.00092,76669.99817,301350.0061,65470.00122,..,38540.00092,94709.99908,1611979.98,550.0000119,209.9999934,..,79.99999821,315290.0085,5670.000076,50689.99863,379.9999952,449.9999881,36900.00153,..,38520.00046,15920.00008,340.0000036,579.9999833,377649.9939,910.0000262,350500,13979.99954,219.9999988,439.9999976,..,250,10500,1690.000057,50209.99908,45849.99847,57220.00122,2470.000029,5659.999847,217770.0043,209.9999934,1750,129.9999952,17590.00015,22969.99931,235000,50590.00015,..,9.999999776,2019.999981,295410.0037,116459.9991,540919.9829,5753490.234,5420.000076,119190.0024,70.0000003,147380.0049,92370.00275,..,..,21110.00061,2289.999962,10510.00023,458459.9946,155280.001,1188503.621,37050.00049,733620.0037,4678233.73,9349823.127,6832227.72,6754599.881,2746329.985,6798745.078,2728718.524,3145922.116,3488149.989,588420.5151,101850.0004,13527970.56,13595019.87,14197332.51,375710.0015,224688.054,600924.1992,9707076.365,1396987.128,1138730.011,1346520.017,146940.0008,13657118.54,195919.9984,3275838.066,1691177.652,1038968.028,1027780.016,13461211.69,6304609.522,..,13187620.17,125192.1897,2749.999942,12521871.73,282009.9983,165034.1517,1310609.968,1310609.968,613739.9956,613359.9956,613739.9956,10185333.66
2006,1759.99999,4010.000229,99809.99756,..,550.0000119,16559.99947,439.9999976,154899.9939,4489.999771,..,375489.9902,74099.99847,30489.99977,2099.999905,22489.99977,35900.00153,1470.000029,59119.99893,108650.0015,509.9999905,3470.000029,..,319.9999928,11229.99954,17909.99985,4090.000153,335619.9951,..,7519.999981,48950.00076,1240.00001,180.0000072,500,2960.000038,5090.000153,540530.0293,..,230.0000042,509.9999905,..,57150.00153,6437470.215,57689.99863,170.0000018,2279.999971,4780.00021,6559.999943,5699.999809,21610.00061,26780.00069,..,8000,120599.9985,58130.00107,430.0000072,170.0000018,20370.00084,30129.99916,170750,7239.999771,9369.999886,519.9999809,15979.99954,649.9999762,5400.000095,..,1379.999995,67019.99664,371549.9878,..,5440.000057,360.0000143,4699.999809,814409.9731,8510.000229,..,100699.9969,..,259.9999905,..,11520.00046,1899.999976,219.9999988,1330.000043,1720.000029,7969.99979,..,55459.99908,2329.999924,1215209.961,364470.0012,484179.9927,82959.99908,47259.99832,..,64330.00183,466649.9939,12060.00042,1189520.02,20170.00008,185300.0031,9300.000191,70.0000003,78940.00244,487850.0061,..,72430.00031,5320.000172,1639.999986,8199.999809,16229.99954,430.0000072,689.9999976,52919.99817,230.0000042,13020.00046,11720.00027,..,1639.999986,779.9999714,174100.0061,870.0000048,1889.999986,2650.000095,140.0000006,1730.000019,3299.999952,448299.9878,140.0000006,7980.000019,..,12420.00008,2180.000067,45000,1860.000014,9970.000267,2529.999971,50.00000075,2619.999886,163699.9969,..,34270.00046,4550.000191,750,88769.99664,9220.000267,..,37200.00076,39189.99863,132479.9957,250,7489.999771,4780.00021,3950.000048,30840.00015,69470.00122,314089.9963,60450.00076,..,43770.00046,99260.00214,1654849.976,550.0000119,200.000003,..,79.99999821,335440.0024,5570.000172,53009.99832,389.9999857,589.9999738,37169.99817,..,37869.99893,16290.00092,340.0000036,579.9999833,379790.0085,1000,341779.9988,12399.99962,230.0000042,479.9999893,..,250,12899.99962,1529.999971,48900.00153,45479.99954,60209.99908,2690.000057,6050.000191,219880.0049,200.000003,1570.000052,150.000006,20059.99947,23899.99962,261079.9866,51919.99817,..,9.999999776,2400.000095,303989.9902,121559.9976,542059.9976,5653080.078,6329.999924,127360.0006,70.0000003,147529.9988,94870.00275,..,..,21920.00008,2180.000067,9829.999924,465440.0082,148879.9972,1251799.659,40889.99981,751329.9971,4932609.923,10010057.89,7474038.208,7395030.232,2729999.943,6920008.6,2840501.926,3275143.554,3496999.943,582173.6506,110930.0002,13470500.38,14524470.11,15151121.41,385629.9936,238972.1898,625111.2995,10450322.5,1440012.061,1175959.976,1388409.975,156140.0015,14590704.82,205050.0014,3448277.458,1788650.495,1090219.898,1078479.986,14385672.53,6195663.262,..,13119450.04,134713.5373,2800.00001,12408421.29,277749.9955,178451.0716,1401559.958,1401559.958,614320.0054,613930.0054,614320.0054,10937246.64
2007,1769.999981,4139.999866,102750,..,540.0000215,16969.99931,460.0000083,162809.9976,5199.999809,..,385750,71239.99786,27629.99916,2119.999886,23000,37990.00168,1480.000019,57650.00153,104589.9963,529.9999714,4000,..,319.9999928,12079.99992,18889.99939,4320.000172,352559.9976,..,7139.999866,52599.99847,1409.999967,180.0000072,460.0000083,3660.000086,6130.000114,571630.0049,..,239.9999946,500,..,64569.99969,6993180.176,59180.00031,109.9999994,2470.000029,4150.000095,7599.999905,5659.999847,22879.99916,27680.00031,..,8310.00042,123620.0027,53409.99985,469.9999988,180.0000072,20629.99916,30639.99939,183399.9939,7630.000114,8539.999962,509.9999905,19979.99954,660.0000262,5960.000038,..,1259.99999,65099.99847,362829.9866,..,4940.000057,409.9999964,5630.000114,783799.9878,9119.999886,..,104309.9976,..,280.0000012,..,12409.99985,1980.000019,230.0000042,1610.000014,2049.999952,8539.999962,..,53849.99847,2380.000114,1336739.99,379959.9915,514140.0146,76650.00153,46360.00061,..,66599.99847,459369.9951,12020.00046,1225069.946,21090.00015,198389.9994,9369.999886,59.99999866,65629.99725,503690.0024,..,70599.99847,6469.99979,1730.000019,8529.999733,15039.99996,439.9999976,639.9999857,49389.99939,200.000003,13210.00004,11109.99966,..,1720.000029,829.9999833,189940.0024,870.0000048,2069.999933,2720.000029,140.0000006,1990.00001,3400.000095,457119.9951,140.0000006,8140.000343,..,13020.00046,2099.999905,46349.99847,2230.000019,10390.00034,2619.999886,39.99999911,2690.000057,164550.0031,..,33270.00046,4699.999809,819.9999928,81120.00275,9699.999809,..,37750,42259.99832,146259.9945,239.9999946,7480.000019,5050.000191,3720.000029,33810.00137,73220.00122,313380.0049,58799.99924,..,49830.00183,96730.00336,1658150.024,579.9999833,200.000003,..,79.99999821,354619.9951,6199.999809,51459.99908,400.000006,500,38290.00092,..,37189.99863,16280.00069,340.0000036,620.0000048,397059.9976,1169.999957,354679.9927,13590.00015,250,479.9999893,..,270.0000107,13960.00004,1409.999967,47139.99939,43540.00092,63599.99847,3269.999981,5909.999847,224589.9963,200.000003,1500,129.9999952,20500,24750,288970.0012,58479.99954,..,9.999999776,2869.999886,312140.0146,131830.0018,530500,5736319.824,5849.999905,122580.0018,109.9999994,142389.9994,105139.9994,..,..,23270.00046,1980.000019,9760.000229,486179.997,142610.0024,1303116.441,41590.00033,758250.0057,5227577.867,10693457.64,8068467.521,8002750.168,2692959.954,6919938.586,2897641.34,3330288.166,3456569.96,564812.2951,118309.9992,13639623.28,15410040.2,16055027.68,387549.9996,255281.0857,643286.7619,11089124.6,1486985.319,1219939.991,1433759.989,166030.0014,15482425.69,199649.996,3668009.248,1871053.373,1133101.687,1120900.007,15282809.83,6310040.887,..,13287269.73,144405.4495,2669.999985,12540878.74,267610.003,188709.3033,1540229.987,1540229.987,628789.9994,628389.9994,628789.9994,11614652.32
2008,3559.999943,4079.999924,107750,..,540.0000215,19280.00069,479.9999893,167229.9957,5690.000057,..,388940.0024,70730.00336,30450.00076,2200.000048,24760.00023,41580.00183,1779.999971,60529.99878,106930.0003,500,4019.999981,..,300.0000119,13109.99966,20760.00023,4389.999866,373630.0049,..,7909.999847,50040.00092,1700.000048,180.0000072,479.9999893,4059.999943,6389.999866,550469.9707,..,170.0000018,540.0000215,..,67989.99786,7199600.098,59779.99878,109.9999994,2549.999952,4360.000134,7519.999981,6469.99979,21729.99954,26750,..,8489.999771,118309.9976,50130.00107,469.9999988,180.0000072,20579.99992,31690.00053,189940.0024,6909.999847,9779.999733,449.9999881,18399.99962,629.9999952,6489.999771,..,970.0000286,56659.99985,357989.9902,..,5269.999981,430.0000072,4840.000153,789690.0024,8659.999847,..,100410.0037,..,289.9999917,..,11239.99977,2009.99999,219.9999988,1600.000024,2029.999971,8590.000153,..,53009.99832,2180.000067,1424380.005,376140.0146,523049.9878,88139.99939,45779.99878,..,66709.99908,444980.011,9619.999886,1158219.971,20010.00023,242029.9988,9909.999847,59.99999866,72830.00183,514919.9829,..,75839.99634,7510.000229,2049.999952,8109.999657,18649.99962,460.0000083,540.0000215,53270.00046,219.9999988,13060.00042,11020.00046,..,1779.999971,959.9999785,202910.0037,870.0000048,2079.999924,2720.000029,129.9999952,1899.999976,3470.000029,459549.9878,119.9999973,8149.999619,..,12970.00027,2690.000057,48630.00107,2240.00001,7900.000095,2950.000048,39.99999911,2990.00001,165220.0012,..,34169.99817,4500,860.0000143,86930.00031,9479.999542,..,36869.99893,41310.00137,142160.0037,209.9999934,7300.000191,4760.000229,4320.000172,38290.00092,75150.00153,308329.9866,56840.00015,..,53040.00092,95419.99817,1655189.941,560.0000024,170.0000018,..,90.00000358,389720.0012,6440.000057,49830.00183,419.9999869,519.9999809,38419.99817,..,37099.99847,17360.00061,319.9999928,620.0000048,426739.9902,1240.00001,324269.989,12810.00042,250,490.0000095,..,250,14949.99981,1460.000038,46150.00153,44959.99908,65279.99878,3039.999962,6079.999924,227580.0018,209.9999934,1570.000052,129.9999952,20020.00046,25250,287190.0024,59279.99878,..,9.999999776,2970.000029,301200.0122,156050.0031,515340.0269,5558379.883,7750,128880.0049,100.0000015,151110.0006,117589.9963,..,..,24219.99931,2190.000057,7599.999905,519309.9901,151339.9997,1408053.35,39120.00042,740869.9799,5427982.199,10888327.64,8306101.225,8233180.116,2635759.999,6869189.163,2936993.443,3362102.596,3378879.983,603986.9168,124489.999,13368207.52,15874240.03,16535877.85,393860.0089,265576.1397,659876.5178,11428644.43,1531593.658,1250109.988,1478259.987,175960.0013,15963920.96,213709.9995,3794148.779,1984028.272,1177338.023,1164659.989,15750239.43,6110874.911,..,12953669.8,151237.9434,2260.000004,12197636.97,294349.9995,192650.1463,1628650.011,1628650.011,670649.9898,670229.9899,670649.9898,11955965.94
2009,4880.000114,4219.99979,112169.9982,..,519.9999809,21149.99962,1389.999986,156570.0073,4510.000229,..,395290.0085,64419.99817,25500,6170.000076,24719.99931,44750,4619.999886,57400.00153,99669.99817,1460.000038,4420.000076,..,319.9999928,14000,20590.00015,4190.000057,350000,..,7869.999886,42909.99985,1730.000019,180.0000072,509.9999905,4750,7030.00021,521320.0073,..,170.0000018,790.0000215,..,65449.99695,7719069.824,62009.99832,140.0000006,2500,4840.000153,7199.999809,6030.00021,20309.99947,26979.99954,..,8279.999733,111169.9982,47930.00031,469.9999988,500,19659.99985,34500,197660.0037,6679.999828,9710.000038,469.9999988,15050.00019,699.9999881,6530.00021,..,970.0000286,54180.00031,343730.011,..,5199.999809,490.0000095,5619.999886,734809.9976,10010.00023,..,94739.99786,..,810.0000024,..,11850.00038,2119.999886,230.0000042,1629.999995,1990.00001,8069.999695,..,47840.00015,2109.999895,1564880.005,391079.9866,542289.978,94199.99695,40560.00137,..,65730.00336,397059.9976,7880.000114,1100979.98,20659.99985,213610.0006,11710.00004,59.99999866,55360.00061,526640.0146,..,77650.00153,6760.000229,2539.999962,7360.000134,21899.99962,529.9999714,540.0000215,56400.00153,209.9999934,11689.99958,10439.99958,..,1690.000057,980.0000191,181929.9927,910.0000262,2509.99999,2509.99999,140.0000006,2349.999905,3420.000076,448369.9951,129.9999952,7639.999866,..,13640.00034,1750,48750,2490.00001,7489.999771,3019.999981,39.99999911,3880.000114,160490.0055,..,31170.00008,4389.999866,1080.000043,76949.99695,8869.999886,..,37430.00031,43590.00015,145139.9994,200.000003,8699.999809,5030.00021,4570.000172,41169.99817,76300.00305,297260.0098,56299.99924,..,54069.99969,80709.99908,1546670.044,589.9999738,180.0000072,..,90.00000358,406529.9988,6670.000076,46869.99893,449.9999881,519.9999809,38830.00183,..,33909.99985,15510.00023,330.0000131,610.0000143,404200.0122,1289.999962,287489.9902,12289.99996,699.9999881,1370.000005,..,889.9999857,15479.99954,1450.000048,42880.00107,43669.99817,60700.00076,2410.000086,5929.999828,220259.9945,230.0000042,2819.999933,140.0000006,19040.00092,25290.00092,287829.9866,52389.99939,..,9.999999776,3359.999895,251619.9951,157020.0043,466489.9902,5156430.176,7670.000076,116529.9988,129.9999952,152589.9963,132289.9933,..,..,26569.99969,2490.00001,7750,501940.0115,146719.9976,1455346.868,47910.00104,683720.0065,5589647.656,11372365.81,8812398.894,8756939.795,2438199.996,6349103.149,2709358.124,3107305.962,3129210.004,603824.6543,132840,12615646.25,16282529.82,16938488.37,380259.9957,273453.5696,654075.6138,11720037.55,1502504.355,1213999.998,1442559.993,191209.9988,16376067.72,199170.0008,3942591.164,2048397.341,1220199.563,1207059.979,16176944.1,5679632.333,..,12192610.16,147455.4883,2330.000041,11409428.01,300779.9936,197754.191,1777050.004,1777050.004,648660.009,648210.009,648660.009,12234316.71
2010,7110.000134,4449.999809,114180.0003,..,519.9999809,22799.99924,490.0000095,167220.0012,4340.000153,..,387540.0085,69959.99908,24309.99947,2079.999924,25969.99931,50580.00183,1549.999952,61669.99817,106720.0012,560.0000024,4829.999924,..,400.000006,15170.00008,20840.00015,3369.999886,397929.9927,..,7170.000076,44740.00168,2289.999962,300.0000119,540.0000215,5139.999866,7010.000229,537010.0098,..,170.0000018,1240.00001,..,69750,8474919.922,63560.00137,170.0000018,2650.000095,5420.000076,7110.000134,6349.999905,19459.99908,28110.00061,..,7900.000095,112250,48119.99893,519.9999809,180.0000072,20680.00031,37250,200309.9976,6539.999962,9949.999809,500,19000,649.9999762,6469.99979,..,1159.999967,62529.99878,347779.9988,..,5760.000229,439.9999976,5320.000172,773070.0073,11189.99958,..,87580.00183,..,289.9999917,..,11439.99958,2500,239.9999946,1759.99999,2460.000038,8180.000305,..,47880.00107,1960.000038,1659979.98,415519.989,541169.9829,108550.0031,40189.99863,..,70519.99664,405269.989,7480.000019,1156479.98,20200.00076,229699.9969,12640.00034,50.00000075,51619.99893,575219.9707,..,80720.00122,6349.999905,2880.000114,8520.000458,20860.00061,550.0000119,730.0000191,59549.99924,189.9999976,12600.00038,11029.99973,..,1870.000005,889.9999857,200220.0012,959.9999785,2779.999971,2589.999914,140.0000006,2400.000095,3660.000086,462869.9951,109.9999994,8300.000191,..,14310.00042,2579.999924,51759.99832,2680.000067,8130.000114,3130.000114,39.99999911,4639.999866,171110.0006,..,31049.99924,4510.000229,1370.000005,90059.99756,8640.000343,..,41409.99985,47080.00183,140619.9951,209.9999934,9189.99958,5019.999981,5039.999962,45000,81930.00031,313739.9902,50939.99863,..,60580.00183,77620.00275,1617829.956,600.0000238,189.9999976,..,100.0000015,446130.0049,7030.00021,47099.99847,439.9999976,560.0000024,42409.99985,..,35430.00031,15779.99973,340.0000036,629.9999952,425309.9976,1309.999943,273250,13069.99969,239.9999946,529.9999714,..,250,16420.00008,1740.00001,48130.00107,45209.99908,61090.00015,2450.000048,6909.999847,234380.0049,239.9999946,2630.000114,119.9999973,21459.99908,27520.00046,297109.9854,59180.00031,..,9.999999776,3329.999924,268920.0134,162789.9933,482440.0024,5392109.863,6280.00021,126239.9979,129.9999952,164100.0061,151410.0037,..,..,25430.00031,2660.000086,9600.000381,529639.9974,165489.9977,1541776.726,38609.99896,707019.9957,5865105.891,12346726.56,9648332.214,9596599.921,2501249.995,6589266.085,2846013.433,3256471.539,3213189.989,652217.4495,144550.0008,13142042.96,17502109.82,18194932.77,399799.9915,290588.4913,690757.7205,12707645.33,1594532.536,1295859.992,1539259.996,207980.0017,17602120,200509.9996,4149933.474,2137451.103,1244541.693,1231139.984,17401671.47,5931085.35,..,12682229.8,159394.8005,2499.999953,11869071.21,339660.0007,200531.8352,1877359.977,1877359.977,695129.9952,694689.9952,695129.9952,13251515.61
2011,8930.000305,4849.999905,120790.0009,..,490.0000095,23870.00084,540.0000215,176639.9994,4940.000057,..,386380.0049,68269.99664,27280.00069,2569.999933,26020.00046,54419.99817,1759.99999,58549.99924,96480.00336,670.0000167,4650.000095,..,589.9999738,16610.00061,23739.99977,3880.000114,418309.9976,..,7329.999924,49639.99939,2460.000038,360.0000143,569.9999928,5360.000134,6809.999943,549289.978,..,189.9999976,1100.000024,..,76470.00122,9282549.805,69099.99847,150.000006,3019.999981,5380.000114,7429.999828,6119.999886,19030.00069,27590.00015,..,7630.000114,109169.9982,43099.99847,479.9999893,180.0000072,20909.99985,37099.99847,205770.0043,6780.00021,9989.999771,569.9999928,18170.00008,660.0000262,7539.999962,..,1110.000014,55119.99893,335140.0146,..,5780.00021,449.9999881,6519.999981,746479.9805,11750,..,84550.00305,..,310.0000024,..,11739.99977,2619.999886,239.9999946,1830.000043,2700.000048,8810.00042,..,46909.99985,1889.999986,1756739.99,475309.9976,552049.9878,113040.0009,36680.00031,..,69819.99969,396690.0024,7530.00021,1213520.02,20760.00023,245449.9969,13029.99973,50.00000075,37099.99847,598479.9805,..,83290.00092,7619.999886,3039.999962,7900.000095,21180.00031,569.9999928,850.0000238,41950.00076,180.0000072,11850.00038,10899.99962,..,2190.000057,930.0000072,202740.0055,1009.99999,3119.999886,2569.999933,140.0000006,2460.000038,3640.000105,478399.9939,119.9999973,8340.000153,..,15729.99954,2539.999962,55939.99863,3349.999905,8689.99958,3329.999924,39.99999911,5199.999809,158770.0043,..,30290.00092,4769.999981,1409.999967,95000,9520.000458,..,39599.99847,53619.99893,141699.9969,209.9999934,9989.999771,5159.999847,5219.99979,48430.00031,82629.99725,310589.9963,49869.99893,..,68190.00244,84059.99756,1699089.966,680.0000072,200.000003,..,100.0000015,463769.989,7570.000172,51229.99954,409.9999964,740.0000095,44770.00046,..,34119.99893,15699.99981,349.999994,629.9999952,409260.0098,1279.999971,274399.9939,15420.00008,280.0000012,589.9999738,..,270.0000107,15920.00008,1950.000048,44580.00183,41189.99863,56919.99817,2559.999943,8189.99958,233600.0061,250,2519.999981,109.9999994,22260.00023,26340.00015,317720.0012,65449.99695,..,9.999999776,3740.00001,283339.9963,165600.0061,445589.9963,5173600.098,7610.000134,128630.0049,129.9999952,160039.9933,155970.0012,..,..,22950.00076,3049.999952,11409.99985,521760.0099,171780,1574878.165,40740.00049,707139.9913,6092200.755,13329705.21,10510725.72,10473499.81,2411289.996,6603741.588,3003281.877,3416545.922,3118369.988,643587.4581,154510.001,12916542.16,18695469.74,19408236.3,410400.0013,299694.874,710468.7125,13679435.21,1659887.043,1353869.989,1603469.984,219539.9992,18792572.24,184859.9974,4380120.04,2181184.306,1251648.228,1238169.993,18607802.87,5724787.189,..,12454210.06,166989.8084,2469.999997,11621481.2,356180.0012,210228.5224,1984009.986,1984009.986,693540.0099,693130.0099,693540.0099,14227329.42
2012,8079.999924,4360.000134,134929.9927,..,490.0000095,23870.00084,699.9999881,177960.0067,5719.99979,..,386970.0012,65110.00061,30110.00061,3549.999952,27170.00008,57990.00168,2119.999886,59939.99863,95269.99664,670.0000167,4440.000057,..,639.9999857,17420.00008,21959.99908,3410.000086,454230.011,..,7300.000191,45020.00046,2940.000057,370.0000048,529.9999714,5670.000076,6880.000114,546210.022,..,200.000003,1860.000014,..,78410.00366,9541870.117,69699.99695,159.9999964,2829.999924,5260.000229,7449.999809,8039.999962,17409.99985,28690.00053,..,7099.999905,106069.9997,38220.00122,500,250,21680.00031,37090.00015,215000,6769.999981,9819.999695,620.0000048,16889.99939,680.0000072,8479.999542,..,1029.999971,49409.99985,338420.0134,..,5599.999905,460.0000083,7190.000057,760130.0049,14609.99966,..,80089.99634,..,409.9999964,..,12149.99962,2480.000019,250,2000,2420.000076,9239.999771,..,43430.00031,1860.000014,1909439.941,481510.0098,559119.9951,129000,37130.00107,..,76059.99756,376750,6960.000038,1253609.985,24120.00084,244600.0061,12149.99962,59.99999866,38479.99954,600320.0073,..,85309.99756,10060.00042,3269.999981,7570.000172,23469.99931,620.0000048,949.9999881,57630.00107,189.9999976,11930.00031,10689.99958,..,2740.00001,949.9999881,205809.9976,1139.999986,3109.999895,2720.000029,140.0000006,2730.000019,3730.000019,486450.0122,129.9999952,8140.000343,..,17139.99939,2329.999924,58080.00183,3680.000067,11960.00004,3529.999971,39.99999911,6000,157470.0012,..,32110.00061,4690.000057,1889.999986,95339.99634,9050.000191,..,38490.00168,60549.99924,143809.9976,219.9999988,10460.00004,4889.999866,5179.999828,48119.99893,86180.00031,303350.0061,48220.00122,..,75080.00183,81849.99847,1675760.01,750,200.000003,..,119.9999973,492470.0012,7449.999809,45790.00092,430.0000072,860.0000143,43689.99863,..,32349.99847,15119.99989,349.999994,629.9999952,426779.9988,1419.999957,269269.989,16850.00038,340.0000036,750,..,360.0000143,15800.00019,2440.000057,42139.99939,42520.00046,47029.99878,3019.999981,9869.999886,250679.9927,300.0000119,2240.00001,109.9999994,21520.00046,27790.00092,328880.0049,69010.00214,..,9.999999776,3779.999971,277109.9854,175589.9963,467779.9988,4956060.059,8520.000458,113139.9994,119.9999973,181130.0049,155520.0043,..,..,21010.00023,4030.00021,12010.00023,543439.9993,177939.9958,1683788.024,42070.00041,680990.0031,6393548.346,13682264,10805820.68,10767210.12,2381640.002,6535421.323,2967386.963,3369575.472,3059130.008,696858.0584,165309.9995,12770019.07,19265180.1,19974488.36,397109.9933,309456.0398,706855.696,13998223.61,1735442.157,1403080.026,1675470.035,230840.0025,19348790.89,177919.9983,4580425.592,2303331.828,1311806.029,1297679.991,19170974.82,5504094.059,..,12277910.1,172939.3951,2409.999957,11413698.79,377479.9968,217448.3883,2143949.941,2143949.941,721379.9951,720949.995,721379.9951,14590321.44
2013,5989.999771,4440.000057,139020.0043,..,479.9999893,26959.99908,469.9999988,183250,5500,..,380279.9988,65750,30940.00053,2809.999943,28850.00038,60599.99847,1440.000057,59990.00168,96589.99634,460.0000083,4679.999828,..,670.0000167,18739.99977,21850.00038,5420.000076,486839.9963,..,7210.000038,39659.99985,3130.000114,389.9999857,509.9999905,5739.999771,7550.000191,555659.9731,..,119.9999973,2190.000057,..,83000,9984570.313,76860.00061,189.9999976,3960.000038,5329.999924,7780.00021,8689.99958,17010.00023,28870.00084,..,6429.999828,101150.0015,39959.99908,560.0000024,170.0000018,21290.00092,39700.00076,213860.0006,6460.000038,9180.000305,639.9999857,19319.99969,750,10079.99992,..,1129.999995,50189.99863,338559.9976,..,5789.999962,439.9999976,7840.000153,776150.0244,15630.00011,..,72480.00336,..,319.9999928,..,13000,2180.000067,250,1980.000019,2650.000095,9369.999886,..,40759.99832,2029.999971,1972430.054,447940.0024,583700.0122,139100.0061,35709.99908,..,67000,346459.9915,7400.000095,1262780.029,23799.99924,260010.0098,14100.00038,59.99999866,27629.99916,599599.9756,..,87360.00061,9380.000114,4159.999847,7449.999809,23239.99977,610.0000143,920.0000167,58610.00061,189.9999976,11329.99992,10149.99962,..,2930.000067,980.0000191,223660.0037,1129.999995,3220.000029,2369.999886,140.0000006,2589.999914,3819.999933,475739.9902,140.0000006,7179.999828,..,18379.99916,2269.999981,57590.00015,4199.999809,13600.00038,3789.999962,50.00000075,6090.000153,157089.9963,..,31889.99939,4469.99979,1970.000029,108129.9973,8140.000343,..,39500,63009.99832,146059.9976,219.9999988,10250,5239.999771,5300.000191,49750,95500,298299.9878,46560.00137,..,76169.99817,72089.99634,1632680.054,810.0000024,200.000003,..,119.9999973,503209.9915,8010.000229,46470.00122,419.9999869,1039.999962,43909.99985,..,32919.99817,14550.00019,389.9999857,649.9999762,436920.0134,1450.000048,242809.9976,14479.99954,230.0000042,509.9999905,..,230.0000042,15220.00027,2289.999962,40540.00092,43529.99878,30700.00076,3200.000048,10810.00042,260700.0122,460.0000083,1750,119.9999973,22209.99908,27850.00038,318170.0134,70220.00122,..,9.999999776,3690.000057,270269.989,184470.0012,453760.0098,5092100.098,7360.000134,111860.0006,109.9999994,180429.9927,164300.0031,..,..,27829.99992,4239.999771,12279.99973,565430.013,193299.9976,1713791.557,40519.99916,654539.9818,6466649.456,14151650.95,11254577.98,11226820.33,2332870.003,6401144.864,2916160.047,3303131.631,2982339.987,715933.2475,171799.9997,12855642.28,19813890.46,20539980.22,413879.9954,309325.0842,723555.8419,14483309.85,1777868.239,1443429.99,1718509.981,249229.9981,19916289.09,158599.9998,4676814.587,2349215.042,1340292.819,1325860.024,19757817.08,5649632.279,..,12334460.08,179350.5006,2569.99998,11479021.13,407330.0033,222462.1815,2207450.049,2207450.049,758730.0105,758310.0105,758730.0105,15080679.53
2014,4880.000114,4820.000172,147740.0055,..,460.0000083,29629.99916,479.9999893,179600.0061,5480.000019,..,371630.0049,62049.99924,32240.00168,2519.999981,30280.00069,63830.00183,1269.999981,59500,90139.99939,479.9999893,5190.000057,..,699.9999881,20409.99985,19489.99977,6989.999771,511619.9951,..,7079.999924,42049.99924,3180.000067,379.9999952,500,6949.999809,8250,561679.9927,..,129.9999952,2259.99999,..,76559.99756,10006669.92,79199.99695,170.0000018,5139.999866,5190.000057,7829.999924,9199.999809,16239.99977,26690.00053,..,6809.999943,97510.00214,35819.99969,400.000006,180.0000072,21450.00076,41799.99924,219119.9951,6590.000153,7909.999847,649.9999762,17940.00053,750,12340.00015,..,1289.999962,46159.99985,306100.0061,..,5960.000038,519.9999809,8470.000267,736010.0098,15090.00015,..,69550.00305,..,250,..,13949.99981,2240.00001,270.0000107,2059.999943,3019.999981,9460.000038,..,40630.00107,2049.999952,2147110.107,483910.0037,605349.9756,134039.9933,35529.99878,..,64720.00122,327500,7190.000057,1217119.995,25549.99924,209229.9957,15149.99962,59.99999866,31229.99954,588090.0269,..,85569.99969,9710.000038,4340.000153,7280.00021,25149.99962,610.0000143,1220.000029,58000,159.9999964,10859.99966,9649.999619,..,3009.99999,850.0000238,236649.9939,1370.000005,3380.000114,2359.999895,150.000006,2900.000095,3950.000048,462239.9902,140.0000006,7710.000038,..,18120.00084,2220.000029,58689.99863,4860.000134,17040.00092,3950.000048,50.00000075,7130.000114,149789.9933,..,31969.99931,4760.000229,2150.000095,114830.0018,7699.999809,..,39110.00061,66389.99939,154240.0055,219.9999988,10760.00023,5889.999866,5630.000114,53169.99817,101819.9997,285730.011,45930.00031,..,81660.00366,71540.00092,1611959.961,860.0000143,209.9999934,..,119.9999973,540520.0195,8569.999695,38959.99908,469.9999988,1149.999976,44400.00153,..,30440.00053,13109.99966,340.0000036,649.9999762,447929.9927,1529.999971,240960.0067,17600.00038,230.0000042,509.9999905,..,270.0000107,16120.00084,2619.999886,39080.00183,39790.00092,26610.00061,4579.999924,10710.00004,256799.9878,529.9999714,1590.000033,109.9999994,22040.00092,29950.00076,340640.0146,71400.00153,..,9.999999776,4110.000134,237729.9957,184759.9945,415600.0061,5107209.961,6500,104870.0027,159.9999964,179240.0055,180869.9951,..,..,27430.00031,4690.000057,12079.99992,587699.9924,201680.0019,1771947.908,40100.00075,633330.0147,6795368.659,14186800.09,11353689.11,11322329.9,2208170.017,6119067.966,2824658.86,3197750.935,2836770.032,723873.6459,181730.0015,12653466.09,20043649.94,20794173.33,424030.0095,323649.5202,748013.9464,14476224.48,1786952.314,1460979.987,1730099.991,267840.0037,20194052.42,163430.002,4949211.393,2425559.731,1372812.953,1358029.969,20030749.95,5670769.166,..,12103210.02,186183.0024,2739.999959,11224420.12,417229.9948,229040.2913,2396860.115,2396860.115,789379.9943,788909.9943,789379.9943,15081629.31
2015,5949.999809,4619.999886,156270.0043,..,469.9999988,31649.99962,490.0000095,185550.0031,5340.000153,..,377799.9878,63240.00168,31770.00046,2210.000038,30579.99992,72190.00244,1269.999981,54819.99969,95129.99725,680.0000072,5510.000229,..,769.9999809,20760.00023,19620.00084,6949.999809,485339.9963,..,6400.000095,44560.00137,3700.000048,400.000006,500,8430.000305,8460.000038,558700.0122,..,189.9999976,2390.000105,..,82230.00336,9861099.609,80230.00336,189.9999976,3230.000019,5659.999847,7539.999962,9810.00042,16600.00038,29209.99908,..,6849.999905,99139.99939,33700.00076,460.0000083,180.0000072,23590.00015,41520.00046,226279.9988,7000,6570.000172,649.9999762,15539.99996,769.9999809,12890.00034,..,1379.999995,42819.99969,311299.9878,..,6119.999886,529.9999714,9199.999809,742309.9976,15779.99973,..,68010.00214,..,270.0000107,..,16340.00015,2539.999962,280.0000012,2079.999924,3279.999971,9930.000305,..,43380.00107,2059.999943,2158020.02,488549.9878,599179.9927,133169.9982,37060.00137,..,66139.99939,337859.9854,7090.000153,1179439.941,25309.99947,190729.9957,17209.99908,59.99999866,25100.00038,607830.0171,..,89019.99664,10270.00046,8880.000114,7320.000172,27010.00023,649.9999762,1259.99999,51330.00183,159.9999964,11069.99969,9130.000114,..,3279.999971,930.0000072,236539.9933,1370.000005,3650.000095,1659.999967,150.000006,3559.999943,3960.000038,471630.0049,150.000006,8020.000458,..,17299.99924,2359.999895,60409.99985,5519.999981,19040.00092,4199.999809,59.99999866,7190.000057,157410.0037,..,32279.99878,5269.999981,2109.999895,107760.0021,7409.999847,..,39490.00168,70129.99725,164130.0049,209.9999934,10699.99981,6510.000229,6369.999886,54549.99924,111010.0021,289079.9866,49849.99847,..,84779.99878,73319.99969,1592560.059,980.0000191,239.9999946,..,119.9999973,565190.0024,9289.999962,45389.99939,509.9999905,910.0000262,45430.00031,..,30750,13140.00034,310.0000024,649.9999762,424809.9976,1970.000029,256279.9988,20360.00061,239.9999946,500,..,250,18709.99908,2720.000029,39189.99863,39090.00015,25270.00046,4900.000095,11689.99958,264000,519.9999809,1830.000043,119.9999973,21329.99992,30479.99954,351589.9963,73400.00153,..,9.999999776,4719.99979,191070.0073,195240.0055,401079.9866,4990709.961,6639.999866,99169.99817,140.0000006,163130.0049,220649.9939,..,..,13550.00019,4960.000038,12430.00031,574029.995,198410.0025,1818104.843,39310.00008,643899.9887,6855509.877,14088624.77,11270577.49,11245359.59,2256729.974,6089355.628,2752548.356,3131166.873,2895699.962,686940.1834,193649.9993,12615686.76,19879909.66,20644895.69,424930.0047,337349.3959,762566.3503,14350043.62,1776335.654,1461880.007,1717430.016,281580.0025,20046587.99,148150.0002,5009123.572,2462903.246,1363401.635,1348719.995,19898576.65,5551249.578,..,12040549.87,185310.1222,2829.999993,11084256.52,421409.998,227465.952,2429980.027,2429980.027,772439.9975,771929.9975,772439.9975,14889729.52
2016,5300.000191,4480.000019,154910.0037,..,469.9999988,29760.00023,500,183160.0037,5070.000172,..,384989.9902,63680.00031,32240.00168,2039.999962,30299.99924,74379.99725,1289.999962,55139.99939,94220.00122,649.9999762,6739.999771,..,930.0000072,22010.00023,22340.00015,6630.000114,447079.9866,..,6969.99979,41590.00015,3700.000048,439.9999976,550.0000119,11069.99969,9079.999924,556830.0171,..,209.9999934,2210.000038,..,86489.99786,9874660.156,82680.00031,219.9999988,2420.000076,5500,8079.999924,9590.000153,16879.99916,27170.00008,..,7219.99979,101730.0034,35319.99969,419.9999869,180.0000072,24590.00015,39810.00137,231229.9957,7170.000076,6659.999847,660.0000262,15989.99977,839.9999738,14970.00027,..,1519.999981,45700.00076,313920.0134,..,6420.000076,529.9999714,9649.999619,747150.0244,16069.99969,..,66849.99847,..,280.0000012,..,17489.99977,2819.999933,310.0000024,2480.000019,3359.999895,9470.000267,..,44250,1629.999995,2195250,482510.0098,607210.022,142229.9957,38819.99969,..,64980.00336,333339.9963,7570.000172,1167790.039,24819.99969,202149.9939,19110.00061,70.0000003,30000,615880.0049,..,91550.00305,9699.999809,15699.99981,7150.000095,27809.99947,689.9999976,1409.999967,50950.00076,150.000006,11199.99981,8850.000381,..,3180.000067,1120.000005,235960.0067,1759.99999,4670.000076,1350.000024,180.0000072,3259.99999,4039.999962,473309.9976,170.0000018,8140.000343,..,18170.00008,2150.000095,60319.99969,7280.00021,21860.00061,4130.000114,59.99999866,10409.99985,158539.9933,..,31190.00053,5380.000114,2109.999895,110830.0018,7300.000191,..,38759.99832,72129.99725,181110.0006,250,10770.00046,7659.999847,7179.999828,56860.00061,121959.9991,299799.9878,48759.99832,..,86919.99817,71589.99634,1571520.02,1159.999967,300.0000119,..,129.9999952,561229.9805,10130.00011,46619.99893,579.9999833,930.0000072,46099.99847,..,31500,13899.99962,360.0000143,660.0000262,425140.0146,1730.000019,247029.9988,21930.00031,239.9999946,509.9999905,..,259.9999905,21129.99916,2950.000048,38779.99878,39669.99817,26340.00015,6090.000153,11199.99981,261600.0061,600.0000238,2299.999952,150.000006,18309.99947,29610.00061,374589.9963,73339.99634,..,9.999999776,4949.999809,201660.0037,201080.0018,380809.9976,4894500,6519.999981,105230.0034,180.0000072,151070.0073,223720.0012,..,..,10850.00038,5320.000172,11020.00046,578510.0157,206030.0013,1838603.367,37259.99959,655579.9861,6962021.622,14132393.08,11308838.68,11278720.18,2255170.025,6113428.037,2784815.695,3172708.025,2905110.01,694941.4195,204409.9998,12519131.11,19950100.2,20769907.5,453440.0066,363822.3861,817554.3818,14353913.16,1732478.377,1429679.991,1676409.996,303669.9973,20176057.54,158710.0004,5126813.036,2487798.924,1381577.381,1366700.018,20017478.87,5453137.109,..,11968660.06,188590.9229,3250.000028,10977031.4,440299.9977,229110.4759,2491069.998,2491069.998,784540.017,783960.017,784540.017,14891120.55
2017,4780.00021,5139.999866,158339.9963,..,469.9999988,24250,500,179320.0073,5369.999886,..,389160.0037,65860.00061,31959.99908,2170.000076,30520.00046,79339.99634,1179.999948,56009.99832,92720.00122,639.9999857,6869.999886,..,970.0000286,22750,22680.00031,7329.999924,456489.9902,..,7289.999962,43880.00107,4269.999981,529.9999714,589.9999738,12689.99958,9170.000076,568080.0171,..,219.9999988,2150.000095,..,87069.99969,10096009.77,74989.99786,280.0000012,2849.999905,5409.999847,8260.000229,10560.00042,17409.99985,26239.99977,..,7360.000134,101830.0018,33130.00107,419.9999869,170.0000018,23549.99924,38549.99924,242229.9957,6380.000114,5800.000191,720.0000286,16709.99908,889.9999857,15819.99969,..,1649.999976,43020.00046,317829.9866,..,5329.999924,540.0000215,9729.999542,732200.0122,17010.00023,..,66800.00305,..,289.9999917,..,16569.99969,3339.999914,310.0000024,2470.000029,3329.999924,9260.000229,..,46439.99863,1669.999957,2320409.912,517320.0073,626419.9829,155080.0018,37779.99878,..,65610.00061,329190.0024,7219.99979,1155229.98,26149.99962,214580.0018,18979.99954,90.00000358,54290.00092,626630.0049,..,90730.00336,9430.000305,19049.99924,7119.999886,29319.99969,699.9999881,1279.999971,55159.99985,159.9999964,11220.00027,9000,..,3470.000029,1190.000057,227619.9951,1860.000014,5179.999828,1519.999981,180.0000072,3490.00001,4170.000076,471579.9866,180.0000072,8060.00042,..,19579.99992,2269.999981,63520.00046,7210.000038,32500,4269.999981,70.0000003,12479.99954,155759.9945,..,32930.00031,5480.000019,1909.999967,108500,7789.999962,..,37720.00122,71930.00031,198830.0018,259.9999905,10130.00011,7610.000134,8060.00042,54270.00046,133500,312859.9854,53330.00183,..,87540.00092,74209.99908,1594550.049,1190.000057,310.0000024,..,140.0000006,545070.0073,9800.000191,47340.00015,579.9999833,939.9999976,49139.99939,..,33580.00183,14119.99989,349.999994,660.0000262,435649.9939,1519.999981,263450.0122,23360.00061,239.9999946,529.9999714,..,230.0000042,20959.99908,2500,38290.00092,38700.00076,29340.00015,7369.999886,11829.99992,258820.0073,610.0000143,2069.999933,180.0000072,18250,29959.99908,415899.9939,73120.00275,..,9.999999776,5170.000076,174940.0024,197039.9933,367000,4819370.117,6099.999905,109529.9988,170.0000018,140820.0073,230449.9969,..,..,10010.00023,6809.999943,10340.00015,587509.9923,204740.0005,1858498.452,36389.99979,679379.9868,7236618.442,14457773.49,11613613.09,11559209.77,2258570.015,6177470.874,2845592.653,3249700.024,2926620.003,714645.3518,211419.9996,12444379.32,20453889.68,21324905.85,472440.0003,396127.9019,868808.9636,14657244.8,1710839.01,1419129.981,1655999.988,324299.9937,20749329.68,188730.0001,5360016.6,2527654.081,1441472.311,1425949.976,20560712.9,5389236.051,..,11942140.11,190296.5422,3449.99999,10881188.46,448710.001,230143.3219,2642029.911,2642029.911,792249.9928,791669.9928,792249.9928,15201352.67
2018,6070.000172,5110.000134,165539.9933,..,490.0000095,23959.99908,509.9999905,176899.9939,5710.000038,..,387070.0073,63060.00137,32729.99954,2799.999952,30809.99947,83449.99695,1240.00001,58950.00076,93660.00366,629.9999952,7420.000076,..,1049.999952,23229.99954,22600.00038,7309.999943,433989.9902,..,7539.999962,40900.00153,4670.000076,689.9999976,610.0000143,14579.99992,9590.000153,580090.0269,..,230.0000042,2190.000057,..,86610.00061,10502929.69,78589.99634,300.0000119,3119.999886,6489.999771,8369.999886,10189.99958,16430.00031,26709.99908,..,7199.999809,100900.0015,33130.00107,400.000006,170.0000018,25309.99947,40139.99939,247910.0037,6809.999943,6429.999828,850.0000238,15319.99969,910.0000262,17239.99977,..,1629.999995,44580.00183,307049.9878,..,5119.999886,550.0000119,9569.999695,707700.0122,18680.00031,..,65019.99664,..,319.9999928,..,18319.99969,3750,319.9999928,2589.999914,3289.999962,10050.00019,..,46400.00153,1700.000048,2451929.932,576989.9902,637429.9927,163149.9939,37659.99985,..,61080.00183,324880.0049,8609.999657,1116150.024,24780.00069,216600.0061,17489.99977,90.00000358,50529.99878,630640.0146,..,91389.99939,11250,19360.00061,7789.999962,27790.00092,730.0000191,1129.999995,56619.99893,140.0000006,11649.99962,9319.999695,..,3349.999905,1379.999995,244410.0037,2099.999905,5469.99979,1549.999952,180.0000072,3690.000057,4130.000114,452570.0073,170.0000018,8539.999962,..,21549.99924,2500,64959.99908,6949.999809,32939.99863,4230.000019,59.99999866,15189.99958,151360.0006,..,32360.00061,5110.000134,1950.000048,109889.9994,7300.000191,..,37590.00015,75599.99847,187309.9976,250,10060.00042,7559.999943,8470.000267,54590.00015,138570.0073,311910.0037,49500,..,86419.99817,75190.00244,1661000,1289.999962,289.9999917,..,140.0000006,521260.0098,10180.00031,46130.00107,579.9999833,860.0000143,47400.00153,..,33000,14069.99969,360.0000143,660.0000262,434350.0061,1549.999952,257040.0085,21690.00053,250,529.9999714,..,250,20860.00061,2210.000038,36009.99832,37479.99954,27389.99939,8680.000305,12000,257049.9878,610.0000143,2309.999943,159.9999964,17780.00069,29889.99939,411730.011,73050.00305,..,9.999999776,5860.000134,185619.9951,177119.9951,360730.011,4975310.059,6539.999962,112470.0012,209.9999934,132130.0049,285600.0061,..,..,9720.000267,7730.000019,12380.00011,590040.0053,211719.9993,1836883.436,37890.00021,673560.01,7405414.813,14982328.2,12156221.56,12105559.68,2201410.016,6189301.717,2926551.697,3329677.1,2862280.026,721956.9908,222430.0002,12459854.42,21190309.62,22076113.77,467299.9979,416012.8713,883461.7337,15168288.37,1670331.188,1387759.985,1614929.993,340499.9957,21507888.27,188669.9986,5658014.182,2512483.598,1471424.858,1455579.982,21319341.59,5557241.676,..,11979080.18,189182.8718,3410.000002,10953863.97,463889.9924,230494.2844,2768789.926,2768789.926,801760.0046,801180.0046,801760.0046,15662209.7
2019,6079.999924,4829.999924,171250,..,500,25209.99908,519.9999809,168100.0061,6170.000076,..,386529.9988,64769.99664,35509.99832,2839.999914,33259.99832,90739.99786,1250,57669.99817,93010.00214,639.9999857,7300.000191,..,1049.999952,22340.00015,21069.99969,7250,434299.9878,..,6989.999771,39139.99939,5000,720.0000286,649.9999762,16180.00031,9430.000305,580210.022,..,239.9999946,2250,..,91370.00275,10707219.73,81040.00092,319.9999928,3210.000038,7260.000229,8239.999771,10829.99992,16520.00046,25909.99985,..,7190.000057,96290.00092,29700.00076,419.9999869,170.0000018,27229.99954,39290.00092,249369.9951,7800.000191,5349.999905,879.9999952,10180.00031,959.9999785,18360.00061,..,1629.999995,40709.99908,300519.989,..,5250,579.9999833,10109.99966,657400.0244,20040.00092,..,60000,..,330.0000131,..,19309.99947,3950.000048,330.0000131,2849.999905,3319.999933,10220.00027,..,46380.00107,1639.999986,2456300.049,619840.0269,630010.0098,174559.9976,35750,..,62650.00153,317239.9902,8390.000343,1081569.946,24629.99916,212110.0006,22280.00069,90.00000358,56040.00092,610789.978,..,92650.00153,10050.00019,18709.99908,7570.000172,27950.00076,769.9999809,1179.999948,56799.99924,150.000006,11729.99954,9489.999771,..,4119.999886,1450.000048,253270.0043,2109.999895,5829.999924,1659.999967,180.0000072,3950.000048,4170.000076,449269.989,180.0000072,8859.999657,..,23069.99969,2599.999905,71480.00336,7500,36720.00122,4219.99979,59.99999866,13449.99981,146339.9963,..,34009.99832,5239.999771,2150.000095,115279.9988,8300.000191,..,35950.00076,76029.99878,190570.0073,250,13340.00015,7579.999924,8210.000038,56750,145419.9982,295130.0049,44639.99939,..,91970.00122,73949.99695,1703589.966,1330.000043,300.0000119,..,150.000006,523780.0293,10619.99989,45950.00076,610.0000143,899.9999762,47380.00107,..,31079.99992,13600.00038,360.0000143,689.9999976,439640.0146,1700.000048,239979.9957,23780.00069,250,540.0000215,..,259.9999905,20620.00084,2650.000095,35000,37380.00107,25709.99908,9420.000076,12449.99981,267089.9963,620.0000048,2369.999886,159.9999964,17190.00053,29909.99985,396839.9963,72870.00275,..,9.999999776,5860.000134,174729.9957,188860.0006,348920.0134,4817720.215,6489.999771,116709.9991,209.9999934,112339.9963,336489.9902,..,..,11100.00038,6800.000191,11760.00023,603030.0162,220740,1886218.797,37880.00078,641570.004,7452716.808,15275883.71,12491816.92,12435639.74,2092859.993,6055906.673,2942675.305,3327833.873,2724969.998,728944.1272,228720.0029,12125558.41,21522419.75,22442415.57,485070.0066,432462.8008,917684.9995,15499527.66,1652376.196,1382399.984,1597989.984,357639.9992,21909426.5,196950.002,5794899.361,2555925.491,1489226.576,1473190.004,21712598.06,5399719.627,..,11610640.16,190928.6218,3430.000028,10602392.6,489869.9974,232249.1163,2784080.054,2784080.054,823770.0162,823160.0162,823770.0162,15918662.7
